INSERT INTO University(Univ_Id, Univ_Name, Rating, City)
VALUES
(1, 'УрФУ', 78, 'Ростов-на-Дону'),
(2, 'МГУ', 69, 'Новосибирск'),
(3, 'КФУ', 78, 'Челябинск'),
(4, 'ЮУрГУ', 55, 'Санкт-Петербург'),
(5, 'УрФУ', 83, 'Казань'),
(6, 'НГТУ', 74, 'Санкт-Петербург'),
(7, 'УрФУ', 50, 'Новосибирск'),
(8, 'СПбГУ', 72, 'Нижний Новгород'),
(9, 'ТГУ', 82, 'Нижний Новгород'),
(10, 'КФУ', 68, 'Казань'),
(11, 'УГНТУ', 98, 'Новосибирск'),
(12, 'РГУ', 56, 'Ростов-на-Дону'),
(13, 'УГНТУ', 51, 'Ростов-на-Дону'),
(14, 'ЮУрГУ', 52, 'Москва'),
(15, 'МГУ', 69, 'Нижний Новгород'),
(16, 'МГУ', 62, 'Ростов-на-Дону'),
(17, 'МГУ', 60, 'Санкт-Петербург'),
(18, 'ТГУ', 56, 'Челябинск'),
(19, 'НГУ', 90, 'Казань'),
(20, 'НГУ', 51, 'Екатеринбург'),
(21, 'НГУ', 87, 'Санкт-Петербург'),
(22, 'КФУ', 61, 'Екатеринбург'),
(23, 'НГТУ', 97, 'Екатеринбург'),
(24, 'МГУ', 93, 'Екатеринбург'),
(25, 'УГНТУ', 77, 'Ростов-на-Дону'),
(26, 'УрФУ', 82, 'Санкт-Петербург'),
(27, 'УГНТУ', 90, 'Нижний Новгород'),
(28, 'НГТУ', 63, 'Самара'),
(29, 'ЮУрГУ', 84, 'Казань'),
(30, 'УрФУ', 87, 'Новосибирск'),
(31, 'КФУ', 70, 'Омск'),
(32, 'ТГУ', 87, 'Челябинск'),
(33, 'НГТУ', 94, 'Екатеринбург'),
(34, 'ТГУ', 79, 'Нижний Новгород'),
(35, 'КФУ', 86, 'Самара'),
(36, 'УрФУ', 55, 'Казань'),
(37, 'КФУ', 53, 'Санкт-Петербург'),
(38, 'УГНТУ', 66, 'Санкт-Петербург'),
(39, 'СПбГУ', 58, 'Самара'),
(40, 'МГУ', 73, 'Казань'),
(41, 'РГУ', 65, 'Санкт-Петербург'),
(42, 'НГТУ', 100, 'Ростов-на-Дону'),
(43, 'КФУ', 93, 'Екатеринбург'),
(44, 'ЮУрГУ', 50, 'Казань'),
(45, 'СПбГУ', 70, 'Челябинск'),
(46, 'МГУ', 95, 'Челябинск'),
(47, 'УГНТУ', 54, 'Екатеринбург'),
(48, 'ТГУ', 83, 'Москва'),
(49, 'КФУ', 90, 'Екатеринбург'),
(50, 'УГНТУ', 69, 'Ростов-на-Дону');

INSERT INTO Student (Student_Id, Name, Surname, Middle_Name, City, Birthday, Univ_Id)
VALUES
(1, 'Николай', 'Лебедев', 'Сергеевич', 'Самара', '1983-08-11', 10),
(2, 'Иван', 'Петров', 'Алексеевич', 'Челябинск', '1984-09-04', 22),
(3, 'Александр', 'Сидоров', 'Сергеевич', 'Челябинск', '1984-08-19', 3),
(4, 'Алексей', 'Лебедев', 'Сергеевич', 'Казань', '1981-11-10', 49),
(5, 'Александр', 'Смирнов', 'Юрьевич', 'Новосибирск', '2003-10-18', 20),
(6, 'Юрий', 'Новиков', 'Сергеевич', 'Ростов-на-Дону', '2004-03-30', 15),
(7, 'Юрий', 'Морозов', 'Юрьевич', 'Нижний Новгород', '1996-07-08', 45),
(8, 'Дмитрий', 'Лебедев', 'Андреевич', 'Новосибирск', '1991-07-31', 49),
(9, 'Дмитрий', 'Сидоров', 'Михайлович', 'Санкт-Петербург', '1988-05-30', 22),
(10, 'Иван', 'Петров', 'Сергеевич', 'Санкт-Петербург', '1996-12-11', 49),
(11, 'Дмитрий', 'Козлов', 'Александрович', 'Москва', '1990-08-20', 27),
(12, 'Андрей', 'Петров', 'Юрьевич', 'Самара', '1985-02-28', 38),
(13, 'Иван', 'Попов', 'Дмитриевич', 'Ростов-на-Дону', '1999-01-31', 26),
(14, 'Николай', 'Иванов', 'Иванович', 'Нижний Новгород', '1984-08-10', 17),
(15, 'Алексей', 'Морозов', 'Юрьевич', 'Челябинск', '2000-12-22', 21),
(16, 'Иван', 'Попов', 'Сергеевич', 'Екатеринбург', '1991-03-29', 20),
(17, 'Юрий', 'Кузнецов', 'Юрьевич', 'Казань', '1998-01-10', 6),
(18, 'Андрей', 'Морозов', 'Андреевич', 'Казань', '2002-04-18', 33),
(19, 'Александр', 'Сидоров', 'Андреевич', 'Новосибирск', '1997-08-10', 23),
(20, 'Владимир', 'Попов', 'Андреевич', 'Нижний Новгород', '2003-07-18', 41),
(21, 'Сергей', 'Иванов', 'Андреевич', 'Челябинск', '2004-02-12', 32),
(22, 'Алексей', 'Петров', 'Андреевич', 'Санкт-Петербург', '1986-11-25', 22),
(23, 'Сергей', 'Кузнецов', 'Иванович', 'Казань', '2000-11-08', 18),
(24, 'Александр', 'Лебедев', 'Алексеевич', 'Москва', '1987-05-19', 27),
(25, 'Николай', 'Кузнецов', 'Дмитриевич', 'Нижний Новгород', '2000-10-02', 43),
(26, 'Николай', 'Смирнов', 'Михайлович', 'Челябинск', '2004-11-27', 35),
(27, 'Алексей', 'Сидоров', 'Сергеевич', 'Новосибирск', '1983-01-31', 49),
(28, 'Дмитрий', 'Попов', 'Андреевич', 'Нижний Новгород', '1999-09-15', 2),
(29, 'Иван', 'Попов', 'Александрович', 'Челябинск', '1983-10-02', 14),
(30, 'Иван', 'Смирнов', 'Алексеевич', 'Екатеринбург', '1992-07-09', 35),
(31, 'Николай', 'Кузнецов', 'Владимирович', 'Новосибирск', '1999-06-27', 10),
(32, 'Александр', 'Козлов', 'Андреевич', 'Казань', '1985-05-10', 19),
(33, 'Алексей', 'Новиков', 'Юрьевич', 'Ростов-на-Дону', '2002-01-12', 32),
(34, 'Андрей', 'Смирнов', 'Дмитриевич', 'Москва', '1990-10-01', 24),
(35, 'Андрей', 'Лебедев', 'Дмитриевич', 'Ростов-на-Дону', '1982-01-13', 16),
(36, 'Николай', 'Петров', 'Николаевич', 'Новосибирск', '1983-09-19', 12),
(37, 'Алексей', 'Кузнецов', 'Андреевич', 'Омск', '1997-06-10', 39),
(38, 'Николай', 'Сидоров', 'Михайлович', 'Екатеринбург', '2005-06-04', 26),
(39, 'Владимир', 'Лебедев', 'Николаевич', 'Самара', '1989-11-05', 1),
(40, 'Дмитрий', 'Иванов', 'Владимирович', 'Самара', '1994-02-04', 13),
(41, 'Иван', 'Лебедев', 'Дмитриевич', 'Москва', '2001-10-30', 37),
(42, 'Дмитрий', 'Попов', 'Владимирович', 'Омск', '1997-06-23', 39),
(43, 'Алексей', 'Кузнецов', 'Алексеевич', 'Ростов-на-Дону', '1987-12-13', 49),
(44, 'Александр', 'Петров', 'Сергеевич', 'Москва', '1983-04-13', 10),
(45, 'Сергей', 'Сидоров', 'Дмитриевич', 'Челябинск', '1996-09-23', 17),
(46, 'Юрий', 'Смирнов', 'Владимирович', 'Нижний Новгород', '1999-05-16', 31),
(47, 'Юрий', 'Иванов', 'Андреевич', 'Омск', '2002-06-24', 38),
(48, 'Дмитрий', 'Козлов', 'Иванович', 'Новосибирск', '1998-12-25', 50),
(49, 'Алексей', 'Петров', 'Алексеевич', 'Самара', '1993-12-09', 26),
(50, 'Дмитрий', 'Морозов', 'Андреевич', 'Челябинск', '1982-07-21', 50),
(51, 'Андрей', 'Сидоров', 'Сергеевич', 'Омск', '1988-04-10', 34),
(52, 'Андрей', 'Лебедев', 'Юрьевич', 'Санкт-Петербург', '2005-07-03', 12),
(53, 'Николай', 'Иванов', 'Дмитриевич', 'Челябинск', '2003-05-12', 14),
(54, 'Владимир', 'Козлов', 'Алексеевич', 'Челябинск', '1998-10-07', 46),
(55, 'Александр', 'Сидоров', 'Андреевич', 'Ростов-на-Дону', '1996-11-26', 2),
(56, 'Александр', 'Кузнецов', 'Андреевич', 'Новосибирск', '2000-10-08', 41),
(57, 'Иван', 'Новиков', 'Владимирович', 'Санкт-Петербург', '1999-02-15', 11),
(58, 'Юрий', 'Лебедев', 'Николаевич', 'Санкт-Петербург', '2002-11-01', 10),
(59, 'Николай', 'Лебедев', 'Дмитриевич', 'Казань', '1994-03-11', 9),
(60, 'Михаил', 'Иванов', 'Юрьевич', 'Нижний Новгород', '1985-10-04', 8),
(61, 'Юрий', 'Сидоров', 'Дмитриевич', 'Самара', '2001-03-10', 46),
(62, 'Николай', 'Козлов', 'Владимирович', 'Новосибирск', '2001-07-08', 49),
(63, 'Иван', 'Иванов', 'Дмитриевич', 'Новосибирск', '2002-12-12', 47),
(64, 'Николай', 'Козлов', 'Андреевич', 'Екатеринбург', '1981-06-26', 40),
(65, 'Сергей', 'Иванов', 'Дмитриевич', 'Москва', '2004-01-05', 18),
(66, 'Алексей', 'Новиков', 'Андреевич', 'Москва', '1985-02-23', 49),
(67, 'Сергей', 'Морозов', 'Юрьевич', 'Казань', '1981-07-09', 25),
(68, 'Юрий', 'Попов', 'Александрович', 'Санкт-Петербург', '2002-02-08', 10),
(69, 'Сергей', 'Петров', 'Дмитриевич', 'Москва', '1995-12-04', 33),
(70, 'Иван', 'Лебедев', 'Алексеевич', 'Ростов-на-Дону', '1990-04-08', 14),
(71, 'Юрий', 'Новиков', 'Андреевич', 'Санкт-Петербург', '1988-04-19', 41),
(72, 'Сергей', 'Петров', 'Александрович', 'Санкт-Петербург', '1983-09-02', 50),
(73, 'Александр', 'Козлов', 'Иванович', 'Москва', '1988-02-14', 41),
(74, 'Юрий', 'Лебедев', 'Андреевич', 'Санкт-Петербург', '1997-01-01', 30),
(75, 'Михаил', 'Попов', 'Сергеевич', 'Нижний Новгород', '1999-05-03', 48),
(76, 'Владимир', 'Сидоров', 'Александрович', 'Новосибирск', '2005-03-12', 9),
(77, 'Александр', 'Козлов', 'Иванович', 'Самара', '1990-08-28', 22),
(78, 'Владимир', 'Попов', 'Владимирович', 'Новосибирск', '1982-12-11', 31),
(79, 'Сергей', 'Смирнов', 'Николаевич', 'Москва', '1987-09-13', 1),
(80, 'Николай', 'Морозов', 'Сергеевич', 'Нижний Новгород', '2000-10-03', 33),
(81, 'Михаил', 'Морозов', 'Сергеевич', 'Нижний Новгород', '1991-05-10', 7),
(82, 'Алексей', 'Новиков', 'Юрьевич', 'Ростов-на-Дону', '1994-09-06', 3),
(83, 'Владимир', 'Смирнов', 'Владимирович', 'Ростов-на-Дону', '1988-09-14', 20),
(84, 'Александр', 'Морозов', 'Андреевич', 'Новосибирск', '1980-12-04', 35),
(85, 'Михаил', 'Иванов', 'Дмитриевич', 'Нижний Новгород', '1989-02-25', 38),
(86, 'Дмитрий', 'Попов', 'Александрович', 'Казань', '1999-12-29', 42),
(87, 'Сергей', 'Смирнов', 'Сергеевич', 'Ростов-на-Дону', '1998-02-23', 9),
(88, 'Юрий', 'Морозов', 'Владимирович', 'Челябинск', '1999-07-28', 45),
(89, 'Александр', 'Козлов', 'Дмитриевич', 'Новосибирск', '1995-01-28', 23),
(90, 'Михаил', 'Новиков', 'Юрьевич', 'Екатеринбург', '2004-04-05', 49),
(91, 'Александр', 'Смирнов', 'Сергеевич', 'Москва', '1987-05-25', 45),
(92, 'Михаил', 'Попов', 'Дмитриевич', 'Челябинск', '1988-04-26', 43),
(93, 'Михаил', 'Смирнов', 'Сергеевич', 'Санкт-Петербург', '1989-11-10', 17),
(94, 'Дмитрий', 'Сидоров', 'Дмитриевич', 'Челябинск', '1992-05-18', 46),
(95, 'Юрий', 'Смирнов', 'Иванович', 'Казань', '1994-02-10', 24),
(96, 'Дмитрий', 'Новиков', 'Александрович', 'Челябинск', '1996-12-16', 31),
(97, 'Юрий', 'Козлов', 'Алексеевич', 'Самара', '1997-09-30', 12),
(98, 'Андрей', 'Петров', 'Алексеевич', 'Новосибирск', '1993-07-22', 2),
(99, 'Андрей', 'Новиков', 'Андреевич', 'Самара', '1984-10-12', 9),
(100, 'Сергей', 'Петров', 'Юрьевич', 'Ростов-на-Дону', '2000-01-26', 3),
(101, 'Александр', 'Лебедев', 'Сергеевич', 'Санкт-Петербург', '1999-06-28', 15),
(102, 'Юрий', 'Смирнов', 'Александрович', 'Ростов-на-Дону', '1999-11-15', 36),
(103, 'Дмитрий', 'Иванов', 'Андреевич', 'Самара', '1987-12-24', 8),
(104, 'Юрий', 'Сидоров', 'Александрович', 'Нижний Новгород', '1982-03-10', 37),
(105, 'Николай', 'Попов', 'Дмитриевич', 'Казань', '1984-04-19', 7),
(106, 'Андрей', 'Сидоров', 'Андреевич', 'Самара', '1991-04-17', 11),
(107, 'Николай', 'Петров', 'Михайлович', 'Самара', '1997-01-10', 33),
(108, 'Николай', 'Смирнов', 'Сергеевич', 'Омск', '1998-01-10', 27),
(109, 'Юрий', 'Иванов', 'Александрович', 'Челябинск', '1993-01-26', 38),
(110, 'Александр', 'Попов', 'Михайлович', 'Казань', '2002-02-04', 48),
(111, 'Дмитрий', 'Попов', 'Андреевич', 'Челябинск', '2004-12-07', 43),
(112, 'Алексей', 'Попов', 'Андреевич', 'Челябинск', '2003-12-19', 40),
(113, 'Алексей', 'Кузнецов', 'Алексеевич', 'Омск', '2002-10-17', 14),
(114, 'Алексей', 'Попов', 'Александрович', 'Москва', '1990-07-15', 11),
(115, 'Андрей', 'Кузнецов', 'Иванович', 'Челябинск', '1994-08-10', 44),
(116, 'Александр', 'Лебедев', 'Андреевич', 'Самара', '1980-10-17', 4),
(117, 'Алексей', 'Смирнов', 'Михайлович', 'Казань', '1986-11-22', 11),
(118, 'Иван', 'Петров', 'Александрович', 'Санкт-Петербург', '1984-08-18', 1),
(119, 'Андрей', 'Новиков', 'Сергеевич', 'Казань', '1999-02-22', 50),
(120, 'Иван', 'Попов', 'Иванович', 'Екатеринбург', '1998-04-03', 21),
(121, 'Владимир', 'Новиков', 'Владимирович', 'Казань', '1987-06-29', 1),
(122, 'Николай', 'Лебедев', 'Владимирович', 'Москва', '2005-04-22', 6),
(123, 'Дмитрий', 'Морозов', 'Иванович', 'Ростов-на-Дону', '2005-03-14', 9),
(124, 'Александр', 'Новиков', 'Александрович', 'Ростов-на-Дону', '1997-06-08', 29),
(125, 'Михаил', 'Сидоров', 'Юрьевич', 'Казань', '1981-03-28', 27),
(126, 'Михаил', 'Иванов', 'Иванович', 'Челябинск', '2000-11-25', 45),
(127, 'Иван', 'Иванов', 'Дмитриевич', 'Челябинск', '1984-11-19', 43),
(128, 'Юрий', 'Лебедев', 'Михайлович', 'Нижний Новгород', '1990-07-03', 4),
(129, 'Иван', 'Лебедев', 'Николаевич', 'Омск', '1988-10-03', 22),
(130, 'Андрей', 'Смирнов', 'Юрьевич', 'Нижний Новгород', '1999-07-18', 21),
(131, 'Дмитрий', 'Иванов', 'Сергеевич', 'Санкт-Петербург', '1996-07-14', 39),
(132, 'Юрий', 'Новиков', 'Дмитриевич', 'Челябинск', '2003-02-09', 14),
(133, 'Иван', 'Сидоров', 'Юрьевич', 'Самара', '2001-09-06', 9),
(134, 'Дмитрий', 'Смирнов', 'Владимирович', 'Екатеринбург', '1994-08-03', 50),
(135, 'Владимир', 'Кузнецов', 'Юрьевич', 'Нижний Новгород', '1998-06-23', 22),
(136, 'Александр', 'Сидоров', 'Иванович', 'Нижний Новгород', '1995-04-06', 39),
(137, 'Владимир', 'Иванов', 'Алексеевич', 'Новосибирск', '2001-06-09', 20),
(138, 'Иван', 'Морозов', 'Юрьевич', 'Челябинск', '1983-03-19', 26),
(139, 'Николай', 'Попов', 'Дмитриевич', 'Москва', '1983-04-17', 8),
(140, 'Михаил', 'Козлов', 'Андреевич', 'Санкт-Петербург', '1990-02-27', 15),
(141, 'Александр', 'Лебедев', 'Владимирович', 'Санкт-Петербург', '1986-11-22', 25),
(142, 'Михаил', 'Смирнов', 'Михайлович', 'Челябинск', '2001-07-22', 7),
(143, 'Алексей', 'Лебедев', 'Юрьевич', 'Казань', '1987-04-12', 35),
(144, 'Иван', 'Петров', 'Алексеевич', 'Санкт-Петербург', '1982-04-06', 24),
(145, 'Андрей', 'Петров', 'Юрьевич', 'Санкт-Петербург', '1980-01-21', 10),
(146, 'Владимир', 'Кузнецов', 'Андреевич', 'Казань', '2000-02-11', 30),
(147, 'Николай', 'Кузнецов', 'Михайлович', 'Челябинск', '2002-01-28', 30),
(148, 'Николай', 'Козлов', 'Юрьевич', 'Челябинск', '1989-09-21', 16),
(149, 'Николай', 'Кузнецов', 'Андреевич', 'Самара', '1993-03-10', 33),
(150, 'Михаил', 'Новиков', 'Михайлович', 'Нижний Новгород', '1990-10-05', 6),
(151, 'Александр', 'Новиков', 'Владимирович', 'Нижний Новгород', '1989-11-18', 43),
(152, 'Андрей', 'Морозов', 'Александрович', 'Новосибирск', '1998-09-18', 36),
(153, 'Михаил', 'Козлов', 'Андреевич', 'Казань', '1984-02-24', 49),
(154, 'Иван', 'Петров', 'Николаевич', 'Новосибирск', '1993-04-30', 9),
(155, 'Сергей', 'Лебедев', 'Андреевич', 'Казань', '1995-08-28', 31),
(156, 'Андрей', 'Козлов', 'Николаевич', 'Челябинск', '1991-02-03', 1),
(157, 'Александр', 'Лебедев', 'Сергеевич', 'Новосибирск', '1995-06-10', 38),
(158, 'Алексей', 'Морозов', 'Михайлович', 'Екатеринбург', '1984-11-08', 11),
(159, 'Дмитрий', 'Новиков', 'Владимирович', 'Самара', '1998-09-09', 38),
(160, 'Николай', 'Петров', 'Юрьевич', 'Новосибирск', '2000-07-09', 26),
(161, 'Юрий', 'Лебедев', 'Алексеевич', 'Ростов-на-Дону', '2001-08-22', 48),
(162, 'Михаил', 'Попов', 'Николаевич', 'Казань', '1986-02-07', 30),
(163, 'Дмитрий', 'Морозов', 'Юрьевич', 'Санкт-Петербург', '1982-09-08', 39),
(164, 'Иван', 'Попов', 'Дмитриевич', 'Казань', '1995-10-13', 13),
(165, 'Александр', 'Смирнов', 'Владимирович', 'Нижний Новгород', '1981-12-01', 20),
(166, 'Александр', 'Лебедев', 'Михайлович', 'Екатеринбург', '1993-02-16', 6),
(167, 'Иван', 'Попов', 'Сергеевич', 'Нижний Новгород', '1982-02-23', 11),
(168, 'Юрий', 'Сидоров', 'Сергеевич', 'Омск', '2004-03-24', 27),
(169, 'Владимир', 'Лебедев', 'Иванович', 'Москва', '1999-12-18', 12),
(170, 'Александр', 'Иванов', 'Алексеевич', 'Москва', '1995-02-13', 18),
(171, 'Дмитрий', 'Петров', 'Иванович', 'Казань', '1985-02-17', 21),
(172, 'Владимир', 'Иванов', 'Сергеевич', 'Омск', '2004-02-29', 19),
(173, 'Николай', 'Иванов', 'Александрович', 'Ростов-на-Дону', '1994-03-13', 24),
(174, 'Иван', 'Кузнецов', 'Юрьевич', 'Москва', '1990-06-09', 30),
(175, 'Владимир', 'Смирнов', 'Юрьевич', 'Самара', '1985-03-20', 23),
(176, 'Иван', 'Попов', 'Михайлович', 'Москва', '1981-12-06', 26),
(177, 'Иван', 'Смирнов', 'Сергеевич', 'Самара', '2000-01-17', 12),
(178, 'Александр', 'Лебедев', 'Иванович', 'Нижний Новгород', '1982-11-29', 11),
(179, 'Михаил', 'Сидоров', 'Дмитриевич', 'Челябинск', '1987-01-06', 4),
(180, 'Владимир', 'Попов', 'Николаевич', 'Москва', '1993-05-30', 4),
(181, 'Михаил', 'Новиков', 'Владимирович', 'Челябинск', '1982-01-10', 15),
(182, 'Михаил', 'Новиков', 'Юрьевич', 'Омск', '1986-10-31', 27),
(183, 'Сергей', 'Козлов', 'Юрьевич', 'Новосибирск', '1989-08-04', 33),
(184, 'Николай', 'Кузнецов', 'Иванович', 'Новосибирск', '1989-02-18', 33),
(185, 'Андрей', 'Иванов', 'Николаевич', 'Омск', '1997-07-21', 4),
(186, 'Николай', 'Новиков', 'Андреевич', 'Екатеринбург', '2004-07-17', 27),
(187, 'Николай', 'Сидоров', 'Дмитриевич', 'Москва', '2004-03-07', 10),
(188, 'Александр', 'Смирнов', 'Владимирович', 'Новосибирск', '1987-05-19', 12),
(189, 'Алексей', 'Морозов', 'Михайлович', 'Новосибирск', '2001-06-13', 19),
(190, 'Дмитрий', 'Попов', 'Владимирович', 'Нижний Новгород', '1987-08-07', 22),
(191, 'Александр', 'Новиков', 'Александрович', 'Ростов-на-Дону', '1990-06-14', 39),
(192, 'Алексей', 'Лебедев', 'Александрович', 'Челябинск', '2002-01-18', 41),
(193, 'Юрий', 'Петров', 'Сергеевич', 'Нижний Новгород', '1997-04-27', 17),
(194, 'Владимир', 'Лебедев', 'Иванович', 'Челябинск', '1987-01-25', 44),
(195, 'Сергей', 'Попов', 'Николаевич', 'Челябинск', '1984-10-27', 19),
(196, 'Андрей', 'Лебедев', 'Сергеевич', 'Ростов-на-Дону', '2004-12-20', 32),
(197, 'Михаил', 'Попов', 'Дмитриевич', 'Москва', '1998-01-20', 38),
(198, 'Сергей', 'Смирнов', 'Сергеевич', 'Ростов-на-Дону', '1989-01-04', 5),
(199, 'Юрий', 'Козлов', 'Алексеевич', 'Самара', '2003-03-08', 15),
(200, 'Николай', 'Лебедев', 'Андреевич', 'Москва', '1984-08-11', 7),
(201, 'Владимир', 'Смирнов', 'Николаевич', 'Москва', '1988-08-24', 43),
(202, 'Юрий', 'Иванов', 'Андреевич', 'Казань', '1996-01-18', 8),
(203, 'Дмитрий', 'Иванов', 'Иванович', 'Омск', '2002-10-12', 50),
(204, 'Алексей', 'Козлов', 'Иванович', 'Ростов-на-Дону', '2004-11-24', 8),
(205, 'Александр', 'Смирнов', 'Владимирович', 'Омск', '2005-11-07', 19),
(206, 'Дмитрий', 'Лебедев', 'Дмитриевич', 'Екатеринбург', '1997-04-13', 4),
(207, 'Владимир', 'Новиков', 'Сергеевич', 'Нижний Новгород', '1983-09-07', 18),
(208, 'Дмитрий', 'Кузнецов', 'Александрович', 'Омск', '1998-09-21', 22),
(209, 'Николай', 'Сидоров', 'Владимирович', 'Санкт-Петербург', '2001-06-16', 49),
(210, 'Николай', 'Козлов', 'Сергеевич', 'Омск', '2001-04-20', 1),
(211, 'Иван', 'Петров', 'Алексеевич', 'Самара', '1991-04-01', 4),
(212, 'Дмитрий', 'Морозов', 'Андреевич', 'Ростов-на-Дону', '1990-05-24', 40),
(213, 'Сергей', 'Козлов', 'Дмитриевич', 'Омск', '2004-11-13', 25),
(214, 'Андрей', 'Морозов', 'Сергеевич', 'Нижний Новгород', '1981-01-09', 37),
(215, 'Юрий', 'Кузнецов', 'Владимирович', 'Ростов-на-Дону', '1999-04-08', 15),
(216, 'Николай', 'Новиков', 'Александрович', 'Казань', '1983-01-14', 2),
(217, 'Дмитрий', 'Кузнецов', 'Владимирович', 'Самара', '1980-03-30', 18),
(218, 'Сергей', 'Сидоров', 'Дмитриевич', 'Новосибирск', '2005-06-23', 7),
(219, 'Владимир', 'Морозов', 'Владимирович', 'Екатеринбург', '2001-07-18', 8),
(220, 'Юрий', 'Новиков', 'Александрович', 'Санкт-Петербург', '2005-12-25', 12),
(221, 'Владимир', 'Новиков', 'Иванович', 'Екатеринбург', '1988-11-22', 23),
(222, 'Сергей', 'Иванов', 'Андреевич', 'Ростов-на-Дону', '1997-11-23', 34),
(223, 'Владимир', 'Козлов', 'Александрович', 'Казань', '2000-03-09', 36),
(224, 'Андрей', 'Морозов', 'Иванович', 'Москва', '1985-07-01', 1),
(225, 'Дмитрий', 'Кузнецов', 'Михайлович', 'Санкт-Петербург', '1994-05-27', 1),
(226, 'Владимир', 'Сидоров', 'Иванович', 'Челябинск', '1982-03-10', 35),
(227, 'Иван', 'Сидоров', 'Андреевич', 'Нижний Новгород', '2005-09-20', 50),
(228, 'Андрей', 'Сидоров', 'Алексеевич', 'Москва', '1985-01-24', 28),
(229, 'Андрей', 'Козлов', 'Алексеевич', 'Новосибирск', '1983-03-07', 27),
(230, 'Юрий', 'Попов', 'Владимирович', 'Москва', '1986-07-27', 36),
(231, 'Владимир', 'Лебедев', 'Сергеевич', 'Самара', '1993-11-30', 31),
(232, 'Алексей', 'Козлов', 'Андреевич', 'Омск', '1992-01-03', 10),
(233, 'Николай', 'Петров', 'Дмитриевич', 'Москва', '1980-10-03', 17),
(234, 'Владимир', 'Морозов', 'Александрович', 'Челябинск', '2005-10-01', 34),
(235, 'Иван', 'Сидоров', 'Андреевич', 'Казань', '2003-12-26', 17),
(236, 'Владимир', 'Петров', 'Александрович', 'Омск', '2004-10-31', 3),
(237, 'Алексей', 'Попов', 'Михайлович', 'Омск', '1985-01-02', 11),
(238, 'Сергей', 'Петров', 'Александрович', 'Новосибирск', '1989-04-07', 47),
(239, 'Юрий', 'Иванов', 'Юрьевич', 'Челябинск', '2005-09-25', 18),
(240, 'Андрей', 'Новиков', 'Дмитриевич', 'Санкт-Петербург', '2003-02-22', 7),
(241, 'Алексей', 'Попов', 'Андреевич', 'Самара', '1998-02-05', 24),
(242, 'Алексей', 'Петров', 'Юрьевич', 'Москва', '2000-08-15', 47),
(243, 'Михаил', 'Сидоров', 'Владимирович', 'Ростов-на-Дону', '1983-09-02', 38),
(244, 'Сергей', 'Петров', 'Владимирович', 'Самара', '1994-03-19', 16),
(245, 'Александр', 'Лебедев', 'Иванович', 'Казань', '1992-07-29', 47),
(246, 'Андрей', 'Сидоров', 'Дмитриевич', 'Екатеринбург', '1987-04-02', 48),
(247, 'Владимир', 'Иванов', 'Сергеевич', 'Омск', '1984-06-11', 8),
(248, 'Александр', 'Морозов', 'Александрович', 'Казань', '1983-03-29', 20),
(249, 'Александр', 'Лебедев', 'Сергеевич', 'Казань', '1989-06-11', 14),
(250, 'Иван', 'Морозов', 'Сергеевич', 'Нижний Новгород', '1981-08-18', 28),
(251, 'Дмитрий', 'Морозов', 'Андреевич', 'Омск', '1991-09-21', 41),
(252, 'Сергей', 'Морозов', 'Сергеевич', 'Новосибирск', '2002-05-29', 38),
(253, 'Сергей', 'Козлов', 'Николаевич', 'Санкт-Петербург', '2003-07-25', 28),
(254, 'Александр', 'Петров', 'Иванович', 'Москва', '2005-04-14', 49),
(255, 'Александр', 'Иванов', 'Владимирович', 'Челябинск', '2002-10-27', 20),
(256, 'Владимир', 'Смирнов', 'Иванович', 'Екатеринбург', '1985-12-21', 37),
(257, 'Алексей', 'Козлов', 'Иванович', 'Новосибирск', '1997-01-21', 16),
(258, 'Сергей', 'Петров', 'Андреевич', 'Новосибирск', '1989-03-07', 27),
(259, 'Иван', 'Морозов', 'Владимирович', 'Самара', '1982-01-31', 7),
(260, 'Дмитрий', 'Смирнов', 'Иванович', 'Москва', '1988-09-16', 35),
(261, 'Андрей', 'Кузнецов', 'Иванович', 'Ростов-на-Дону', '1994-01-01', 18),
(262, 'Иван', 'Петров', 'Дмитриевич', 'Челябинск', '1988-02-09', 26),
(263, 'Сергей', 'Кузнецов', 'Николаевич', 'Новосибирск', '1997-08-16', 21),
(264, 'Юрий', 'Петров', 'Александрович', 'Новосибирск', '1987-02-28', 11),
(265, 'Алексей', 'Кузнецов', 'Михайлович', 'Казань', '2001-03-20', 29),
(266, 'Владимир', 'Попов', 'Сергеевич', 'Новосибирск', '1987-10-31', 6),
(267, 'Владимир', 'Петров', 'Александрович', 'Екатеринбург', '1989-07-21', 8),
(268, 'Александр', 'Смирнов', 'Сергеевич', 'Челябинск', '2000-08-29', 12),
(269, 'Юрий', 'Морозов', 'Александрович', 'Ростов-на-Дону', '1996-03-16', 33),
(270, 'Алексей', 'Смирнов', 'Михайлович', 'Ростов-на-Дону', '1999-03-05', 45),
(271, 'Алексей', 'Попов', 'Михайлович', 'Ростов-на-Дону', '1990-08-09', 27),
(272, 'Алексей', 'Петров', 'Юрьевич', 'Москва', '2000-10-20', 2),
(273, 'Николай', 'Козлов', 'Сергеевич', 'Москва', '1986-08-03', 45),
(274, 'Сергей', 'Лебедев', 'Александрович', 'Самара', '1986-02-28', 42),
(275, 'Сергей', 'Козлов', 'Иванович', 'Санкт-Петербург', '1996-10-04', 18),
(276, 'Сергей', 'Новиков', 'Андреевич', 'Новосибирск', '1994-07-03', 20),
(277, 'Юрий', 'Сидоров', 'Юрьевич', 'Нижний Новгород', '1999-04-27', 6),
(278, 'Юрий', 'Козлов', 'Николаевич', 'Омск', '2004-08-11', 50),
(279, 'Юрий', 'Иванов', 'Сергеевич', 'Нижний Новгород', '2005-02-03', 3),
(280, 'Дмитрий', 'Морозов', 'Владимирович', 'Нижний Новгород', '1984-06-19', 1),
(281, 'Алексей', 'Сидоров', 'Александрович', 'Екатеринбург', '1980-05-02', 17),
(282, 'Николай', 'Сидоров', 'Николаевич', 'Ростов-на-Дону', '1986-11-17', 24),
(283, 'Андрей', 'Смирнов', 'Александрович', 'Москва', '1988-06-12', 46),
(284, 'Александр', 'Петров', 'Сергеевич', 'Омск', '1983-06-30', 41),
(285, 'Андрей', 'Смирнов', 'Михайлович', 'Новосибирск', '1994-07-26', 35),
(286, 'Андрей', 'Лебедев', 'Андреевич', 'Самара', '1995-09-30', 27),
(287, 'Дмитрий', 'Лебедев', 'Михайлович', 'Москва', '1996-04-20', 36),
(288, 'Александр', 'Козлов', 'Владимирович', 'Казань', '1986-08-06', 44),
(289, 'Дмитрий', 'Лебедев', 'Сергеевич', 'Новосибирск', '1983-04-08', 33),
(290, 'Михаил', 'Козлов', 'Михайлович', 'Москва', '1990-10-16', 37),
(291, 'Сергей', 'Кузнецов', 'Юрьевич', 'Челябинск', '1980-08-03', 1),
(292, 'Андрей', 'Сидоров', 'Сергеевич', 'Санкт-Петербург', '2004-03-15', 26),
(293, 'Юрий', 'Смирнов', 'Юрьевич', 'Ростов-на-Дону', '1987-07-16', 38),
(294, 'Николай', 'Смирнов', 'Юрьевич', 'Казань', '1999-05-22', 11),
(295, 'Юрий', 'Смирнов', 'Михайлович', 'Санкт-Петербург', '1996-08-11', 8),
(296, 'Иван', 'Иванов', 'Алексеевич', 'Челябинск', '1998-05-20', 50),
(297, 'Михаил', 'Кузнецов', 'Сергеевич', 'Челябинск', '1984-08-04', 18),
(298, 'Дмитрий', 'Кузнецов', 'Сергеевич', 'Нижний Новгород', '1989-04-25', 43),
(299, 'Дмитрий', 'Кузнецов', 'Дмитриевич', 'Казань', '1989-02-26', 12),
(300, 'Алексей', 'Сидоров', 'Андреевич', 'Нижний Новгород', '1991-11-06', 27),
(301, 'Дмитрий', 'Новиков', 'Алексеевич', 'Екатеринбург', '2002-10-13', 5),
(302, 'Андрей', 'Смирнов', 'Алексеевич', 'Санкт-Петербург', '1993-02-10', 40),
(303, 'Николай', 'Сидоров', 'Владимирович', 'Санкт-Петербург', '1984-12-02', 36),
(304, 'Михаил', 'Иванов', 'Андреевич', 'Екатеринбург', '2000-03-10', 15),
(305, 'Михаил', 'Сидоров', 'Андреевич', 'Челябинск', '2001-09-04', 46),
(306, 'Алексей', 'Попов', 'Юрьевич', 'Санкт-Петербург', '1996-12-30', 43),
(307, 'Дмитрий', 'Кузнецов', 'Владимирович', 'Санкт-Петербург', '1987-08-07', 46),
(308, 'Николай', 'Попов', 'Сергеевич', 'Москва', '1993-10-14', 14),
(309, 'Николай', 'Попов', 'Дмитриевич', 'Ростов-на-Дону', '1985-10-28', 40),
(310, 'Андрей', 'Козлов', 'Сергеевич', 'Самара', '1998-03-06', 45),
(311, 'Дмитрий', 'Лебедев', 'Алексеевич', 'Москва', '2002-07-22', 13),
(312, 'Сергей', 'Кузнецов', 'Михайлович', 'Нижний Новгород', '1992-11-14', 29),
(313, 'Сергей', 'Попов', 'Александрович', 'Санкт-Петербург', '2004-09-12', 41),
(314, 'Николай', 'Иванов', 'Юрьевич', 'Казань', '1998-11-25', 47),
(315, 'Юрий', 'Смирнов', 'Николаевич', 'Екатеринбург', '2002-08-21', 48),
(316, 'Николай', 'Петров', 'Сергеевич', 'Самара', '1999-08-30', 3),
(317, 'Юрий', 'Лебедев', 'Сергеевич', 'Самара', '1995-04-13', 34),
(318, 'Юрий', 'Смирнов', 'Андреевич', 'Нижний Новгород', '1999-01-25', 4),
(319, 'Николай', 'Кузнецов', 'Михайлович', 'Нижний Новгород', '1991-12-11', 8),
(320, 'Николай', 'Козлов', 'Владимирович', 'Нижний Новгород', '1982-10-28', 45),
(321, 'Владимир', 'Сидоров', 'Александрович', 'Казань', '2001-03-06', 10),
(322, 'Андрей', 'Кузнецов', 'Иванович', 'Челябинск', '1997-09-04', 18),
(323, 'Иван', 'Петров', 'Сергеевич', 'Челябинск', '2001-07-25', 16),
(324, 'Андрей', 'Петров', 'Юрьевич', 'Самара', '1989-08-13', 47),
(325, 'Михаил', 'Морозов', 'Александрович', 'Казань', '2001-02-22', 17),
(326, 'Андрей', 'Новиков', 'Иванович', 'Казань', '1993-04-28', 41),
(327, 'Николай', 'Лебедев', 'Михайлович', 'Челябинск', '1994-01-14', 8),
(328, 'Михаил', 'Лебедев', 'Михайлович', 'Ростов-на-Дону', '2005-08-25', 26),
(329, 'Андрей', 'Попов', 'Михайлович', 'Новосибирск', '1997-06-16', 41),
(330, 'Сергей', 'Смирнов', 'Николаевич', 'Омск', '1987-07-25', 3),
(331, 'Андрей', 'Новиков', 'Николаевич', 'Казань', '1988-01-25', 39),
(332, 'Дмитрий', 'Лебедев', 'Михайлович', 'Новосибирск', '1981-06-09', 37),
(333, 'Дмитрий', 'Лебедев', 'Сергеевич', 'Челябинск', '1991-02-27', 1),
(334, 'Иван', 'Иванов', 'Андреевич', 'Самара', '1983-05-06', 23),
(335, 'Сергей', 'Лебедев', 'Александрович', 'Казань', '2005-11-22', 42),
(336, 'Александр', 'Смирнов', 'Александрович', 'Омск', '1983-02-11', 49),
(337, 'Николай', 'Кузнецов', 'Иванович', 'Новосибирск', '1998-01-24', 27),
(338, 'Иван', 'Петров', 'Иванович', 'Новосибирск', '2000-09-26', 20),
(339, 'Алексей', 'Иванов', 'Иванович', 'Омск', '1994-02-28', 46),
(340, 'Николай', 'Сидоров', 'Михайлович', 'Омск', '1980-02-02', 42),
(341, 'Юрий', 'Иванов', 'Иванович', 'Нижний Новгород', '1997-07-09', 47),
(342, 'Александр', 'Новиков', 'Дмитриевич', 'Новосибирск', '1984-03-30', 26),
(343, 'Иван', 'Новиков', 'Иванович', 'Новосибирск', '1984-08-23', 6),
(344, 'Андрей', 'Новиков', 'Сергеевич', 'Санкт-Петербург', '1992-03-11', 17),
(345, 'Иван', 'Иванов', 'Алексеевич', 'Самара', '2002-06-03', 44),
(346, 'Николай', 'Сидоров', 'Юрьевич', 'Казань', '1993-05-04', 35),
(347, 'Алексей', 'Морозов', 'Александрович', 'Самара', '2002-04-22', 40),
(348, 'Андрей', 'Попов', 'Иванович', 'Казань', '1996-04-16', 17),
(349, 'Михаил', 'Кузнецов', 'Сергеевич', 'Ростов-на-Дону', '2002-10-28', 45),
(350, 'Михаил', 'Петров', 'Владимирович', 'Новосибирск', '1986-01-14', 35),
(351, 'Андрей', 'Смирнов', 'Алексеевич', 'Самара', '1995-02-02', 12),
(352, 'Андрей', 'Морозов', 'Николаевич', 'Екатеринбург', '1990-08-06', 19),
(353, 'Юрий', 'Смирнов', 'Иванович', 'Новосибирск', '1993-11-23', 37),
(354, 'Владимир', 'Морозов', 'Алексеевич', 'Ростов-на-Дону', '1991-09-13', 26),
(355, 'Сергей', 'Попов', 'Дмитриевич', 'Новосибирск', '2001-03-17', 21),
(356, 'Владимир', 'Кузнецов', 'Иванович', 'Екатеринбург', '1986-11-12', 31),
(357, 'Александр', 'Козлов', 'Алексеевич', 'Челябинск', '2005-06-07', 12),
(358, 'Алексей', 'Сидоров', 'Иванович', 'Самара', '1981-12-01', 37),
(359, 'Дмитрий', 'Петров', 'Юрьевич', 'Санкт-Петербург', '1993-09-07', 42),
(360, 'Алексей', 'Лебедев', 'Михайлович', 'Омск', '1995-07-17', 16),
(361, 'Владимир', 'Попов', 'Владимирович', 'Казань', '2005-02-12', 46),
(362, 'Юрий', 'Смирнов', 'Николаевич', 'Самара', '1994-10-09', 11),
(363, 'Иван', 'Лебедев', 'Юрьевич', 'Екатеринбург', '1984-08-29', 1),
(364, 'Дмитрий', 'Морозов', 'Андреевич', 'Новосибирск', '2001-12-03', 1),
(365, 'Юрий', 'Козлов', 'Сергеевич', 'Нижний Новгород', '1992-04-04', 47),
(366, 'Александр', 'Морозов', 'Николаевич', 'Казань', '1983-05-10', 29),
(367, 'Николай', 'Лебедев', 'Владимирович', 'Новосибирск', '1986-02-14', 45),
(368, 'Сергей', 'Кузнецов', 'Сергеевич', 'Казань', '1985-02-04', 47),
(369, 'Николай', 'Смирнов', 'Александрович', 'Санкт-Петербург', '2002-11-13', 9),
(370, 'Михаил', 'Петров', 'Алексеевич', 'Казань', '1982-05-20', 36),
(371, 'Сергей', 'Козлов', 'Николаевич', 'Санкт-Петербург', '1990-05-16', 22),
(372, 'Владимир', 'Сидоров', 'Николаевич', 'Нижний Новгород', '1996-08-03', 2),
(373, 'Александр', 'Иванов', 'Юрьевич', 'Нижний Новгород', '1985-06-03', 2),
(374, 'Александр', 'Новиков', 'Юрьевич', 'Санкт-Петербург', '1996-11-19', 38),
(375, 'Михаил', 'Сидоров', 'Александрович', 'Ростов-на-Дону', '2002-10-03', 50),
(376, 'Михаил', 'Петров', 'Сергеевич', 'Ростов-на-Дону', '1998-02-25', 26),
(377, 'Сергей', 'Сидоров', 'Иванович', 'Казань', '2005-10-06', 17),
(378, 'Александр', 'Иванов', 'Дмитриевич', 'Санкт-Петербург', '2000-09-06', 4),
(379, 'Андрей', 'Морозов', 'Николаевич', 'Санкт-Петербург', '1996-10-10', 2),
(380, 'Алексей', 'Новиков', 'Михайлович', 'Нижний Новгород', '1981-06-10', 31),
(381, 'Сергей', 'Кузнецов', 'Дмитриевич', 'Санкт-Петербург', '1996-08-07', 4),
(382, 'Николай', 'Кузнецов', 'Николаевич', 'Казань', '1995-11-13', 50),
(383, 'Дмитрий', 'Козлов', 'Иванович', 'Санкт-Петербург', '1997-08-09', 33),
(384, 'Юрий', 'Иванов', 'Михайлович', 'Новосибирск', '2000-08-23', 1),
(385, 'Дмитрий', 'Петров', 'Иванович', 'Новосибирск', '1988-04-13', 43),
(386, 'Алексей', 'Козлов', 'Дмитриевич', 'Новосибирск', '1980-06-15', 11),
(387, 'Михаил', 'Смирнов', 'Сергеевич', 'Санкт-Петербург', '2001-09-24', 15),
(388, 'Дмитрий', 'Лебедев', 'Юрьевич', 'Самара', '2004-12-11', 23),
(389, 'Иван', 'Лебедев', 'Иванович', 'Нижний Новгород', '1983-05-02', 3),
(390, 'Андрей', 'Иванов', 'Иванович', 'Омск', '2003-09-06', 49),
(391, 'Владимир', 'Смирнов', 'Алексеевич', 'Новосибирск', '1999-12-17', 48),
(392, 'Владимир', 'Козлов', 'Дмитриевич', 'Санкт-Петербург', '1986-08-22', 27),
(393, 'Михаил', 'Кузнецов', 'Андреевич', 'Омск', '1993-12-06', 19),
(394, 'Владимир', 'Попов', 'Иванович', 'Омск', '1984-12-11', 38),
(395, 'Дмитрий', 'Лебедев', 'Владимирович', 'Ростов-на-Дону', '1992-11-27', 21),
(396, 'Иван', 'Козлов', 'Сергеевич', 'Новосибирск', '1980-02-08', 37),
(397, 'Владимир', 'Петров', 'Владимирович', 'Омск', '1981-09-07', 30),
(398, 'Сергей', 'Лебедев', 'Юрьевич', 'Нижний Новгород', '2002-12-16', 31),
(399, 'Александр', 'Сидоров', 'Александрович', 'Москва', '1990-12-04', 22),
(400, 'Николай', 'Попов', 'Владимирович', 'Нижний Новгород', '1990-03-05', 36),
(401, 'Андрей', 'Сидоров', 'Алексеевич', 'Казань', '1995-03-12', 2),
(402, 'Сергей', 'Иванов', 'Александрович', 'Санкт-Петербург', '1990-03-13', 14),
(403, 'Сергей', 'Кузнецов', 'Александрович', 'Санкт-Петербург', '1980-01-27', 1),
(404, 'Владимир', 'Сидоров', 'Николаевич', 'Омск', '1991-10-21', 48),
(405, 'Алексей', 'Иванов', 'Андреевич', 'Челябинск', '1996-03-03', 23),
(406, 'Юрий', 'Кузнецов', 'Сергеевич', 'Самара', '1981-07-19', 8),
(407, 'Михаил', 'Кузнецов', 'Владимирович', 'Самара', '2000-03-17', 39),
(408, 'Алексей', 'Кузнецов', 'Андреевич', 'Москва', '1994-11-28', 41),
(409, 'Андрей', 'Кузнецов', 'Алексеевич', 'Челябинск', '1993-01-07', 14),
(410, 'Михаил', 'Иванов', 'Михайлович', 'Самара', '1984-03-20', 7),
(411, 'Алексей', 'Смирнов', 'Сергеевич', 'Омск', '1989-05-02', 18),
(412, 'Сергей', 'Лебедев', 'Александрович', 'Москва', '2000-04-02', 44),
(413, 'Дмитрий', 'Лебедев', 'Сергеевич', 'Самара', '2002-01-09', 16),
(414, 'Алексей', 'Лебедев', 'Дмитриевич', 'Челябинск', '1987-02-02', 50),
(415, 'Сергей', 'Лебедев', 'Михайлович', 'Омск', '1981-07-07', 30),
(416, 'Михаил', 'Смирнов', 'Андреевич', 'Новосибирск', '1995-08-25', 10),
(417, 'Михаил', 'Петров', 'Дмитриевич', 'Самара', '2004-05-01', 49),
(418, 'Сергей', 'Попов', 'Михайлович', 'Челябинск', '1980-03-25', 29),
(419, 'Владимир', 'Новиков', 'Александрович', 'Санкт-Петербург', '2004-01-20', 47),
(420, 'Дмитрий', 'Иванов', 'Владимирович', 'Санкт-Петербург', '1989-03-11', 50),
(421, 'Сергей', 'Морозов', 'Александрович', 'Казань', '1987-09-26', 7),
(422, 'Владимир', 'Попов', 'Владимирович', 'Самара', '1985-03-24', 27),
(423, 'Владимир', 'Морозов', 'Николаевич', 'Омск', '1989-05-13', 5),
(424, 'Алексей', 'Морозов', 'Иванович', 'Казань', '1988-10-09', 1),
(425, 'Андрей', 'Сидоров', 'Иванович', 'Санкт-Петербург', '1999-06-05', 12),
(426, 'Александр', 'Сидоров', 'Юрьевич', 'Челябинск', '1997-09-23', 7),
(427, 'Дмитрий', 'Кузнецов', 'Андреевич', 'Санкт-Петербург', '1996-09-08', 1),
(428, 'Дмитрий', 'Иванов', 'Александрович', 'Новосибирск', '1992-07-05', 7),
(429, 'Дмитрий', 'Кузнецов', 'Владимирович', 'Самара', '1995-10-19', 18),
(430, 'Алексей', 'Сидоров', 'Александрович', 'Екатеринбург', '2003-11-07', 46),
(431, 'Алексей', 'Кузнецов', 'Юрьевич', 'Казань', '1992-01-08', 38),
(432, 'Александр', 'Петров', 'Сергеевич', 'Санкт-Петербург', '1989-03-24', 21),
(433, 'Андрей', 'Смирнов', 'Андреевич', 'Ростов-на-Дону', '1982-03-02', 5),
(434, 'Иван', 'Попов', 'Иванович', 'Нижний Новгород', '1991-08-16', 38),
(435, 'Андрей', 'Козлов', 'Дмитриевич', 'Омск', '2000-01-11', 39),
(436, 'Владимир', 'Козлов', 'Сергеевич', 'Самара', '1980-01-21', 8),
(437, 'Юрий', 'Иванов', 'Юрьевич', 'Екатеринбург', '1985-12-25', 44),
(438, 'Николай', 'Козлов', 'Владимирович', 'Самара', '1996-09-04', 30),
(439, 'Александр', 'Новиков', 'Андреевич', 'Казань', '1997-03-17', 43),
(440, 'Дмитрий', 'Новиков', 'Михайлович', 'Санкт-Петербург', '1991-12-28', 5),
(441, 'Владимир', 'Козлов', 'Алексеевич', 'Нижний Новгород', '1980-08-21', 24),
(442, 'Николай', 'Морозов', 'Михайлович', 'Казань', '1982-12-05', 16),
(443, 'Иван', 'Лебедев', 'Николаевич', 'Москва', '2001-08-09', 33),
(444, 'Иван', 'Попов', 'Николаевич', 'Челябинск', '2000-04-08', 9),
(445, 'Алексей', 'Лебедев', 'Сергеевич', 'Новосибирск', '1998-04-24', 8),
(446, 'Дмитрий', 'Лебедев', 'Михайлович', 'Екатеринбург', '1991-01-31', 26),
(447, 'Иван', 'Сидоров', 'Алексеевич', 'Нижний Новгород', '1981-11-18', 9),
(448, 'Дмитрий', 'Новиков', 'Михайлович', 'Казань', '1987-07-05', 46),
(449, 'Андрей', 'Морозов', 'Александрович', 'Самара', '1988-12-24', 25),
(450, 'Владимир', 'Петров', 'Николаевич', 'Москва', '1998-03-25', 27),
(451, 'Николай', 'Иванов', 'Алексеевич', 'Москва', '1996-05-01', 21),
(452, 'Александр', 'Морозов', 'Дмитриевич', 'Санкт-Петербург', '1989-10-09', 29),
(453, 'Иван', 'Петров', 'Алексеевич', 'Екатеринбург', '2000-04-13', 20),
(454, 'Алексей', 'Сидоров', 'Владимирович', 'Челябинск', '1995-05-08', 43),
(455, 'Сергей', 'Смирнов', 'Юрьевич', 'Нижний Новгород', '1982-01-04', 50),
(456, 'Дмитрий', 'Морозов', 'Алексеевич', 'Москва', '1990-08-29', 38),
(457, 'Юрий', 'Попов', 'Алексеевич', 'Ростов-на-Дону', '2005-10-20', 42),
(458, 'Дмитрий', 'Смирнов', 'Сергеевич', 'Санкт-Петербург', '1997-11-17', 11),
(459, 'Андрей', 'Попов', 'Николаевич', 'Москва', '1989-07-21', 39),
(460, 'Дмитрий', 'Смирнов', 'Сергеевич', 'Ростов-на-Дону', '2005-10-16', 48),
(461, 'Андрей', 'Козлов', 'Юрьевич', 'Самара', '1986-11-09', 20),
(462, 'Александр', 'Морозов', 'Юрьевич', 'Москва', '1988-11-15', 48),
(463, 'Владимир', 'Попов', 'Александрович', 'Казань', '2000-11-30', 16),
(464, 'Юрий', 'Морозов', 'Юрьевич', 'Новосибирск', '1994-12-03', 43),
(465, 'Николай', 'Петров', 'Сергеевич', 'Омск', '2002-10-20', 25),
(466, 'Михаил', 'Кузнецов', 'Владимирович', 'Нижний Новгород', '1987-09-25', 47),
(467, 'Владимир', 'Лебедев', 'Дмитриевич', 'Москва', '2003-03-20', 4),
(468, 'Михаил', 'Козлов', 'Андреевич', 'Екатеринбург', '1993-07-28', 14),
(469, 'Сергей', 'Морозов', 'Алексеевич', 'Новосибирск', '1981-09-27', 22),
(470, 'Александр', 'Козлов', 'Юрьевич', 'Челябинск', '2000-04-11', 10),
(471, 'Владимир', 'Кузнецов', 'Владимирович', 'Ростов-на-Дону', '2004-09-24', 33),
(472, 'Владимир', 'Иванов', 'Николаевич', 'Самара', '1988-05-14', 36),
(473, 'Сергей', 'Кузнецов', 'Александрович', 'Санкт-Петербург', '2005-10-11', 27),
(474, 'Сергей', 'Сидоров', 'Дмитриевич', 'Ростов-на-Дону', '1982-05-24', 16),
(475, 'Владимир', 'Смирнов', 'Сергеевич', 'Омск', '1998-10-23', 27),
(476, 'Николай', 'Козлов', 'Владимирович', 'Омск', '1989-05-19', 8),
(477, 'Юрий', 'Попов', 'Сергеевич', 'Челябинск', '1998-07-15', 2),
(478, 'Дмитрий', 'Иванов', 'Иванович', 'Ростов-на-Дону', '1987-05-27', 46),
(479, 'Сергей', 'Лебедев', 'Владимирович', 'Омск', '2000-03-24', 12),
(480, 'Андрей', 'Морозов', 'Александрович', 'Ростов-на-Дону', '1988-03-21', 35),
(481, 'Михаил', 'Петров', 'Николаевич', 'Челябинск', '1990-06-29', 49),
(482, 'Владимир', 'Иванов', 'Андреевич', 'Казань', '1993-06-14', 15),
(483, 'Юрий', 'Смирнов', 'Сергеевич', 'Омск', '1999-10-14', 25),
(484, 'Михаил', 'Петров', 'Иванович', 'Самара', '1995-05-02', 29),
(485, 'Иван', 'Сидоров', 'Александрович', 'Новосибирск', '1991-02-07', 30),
(486, 'Дмитрий', 'Лебедев', 'Михайлович', 'Санкт-Петербург', '1985-01-23', 37),
(487, 'Алексей', 'Сидоров', 'Михайлович', 'Москва', '1999-12-25', 21),
(488, 'Владимир', 'Попов', 'Сергеевич', 'Санкт-Петербург', '1995-12-12', 16),
(489, 'Владимир', 'Лебедев', 'Сергеевич', 'Омск', '1992-01-02', 41),
(490, 'Юрий', 'Иванов', 'Владимирович', 'Самара', '1981-02-19', 12),
(491, 'Юрий', 'Петров', 'Алексеевич', 'Москва', '2004-12-17', 31),
(492, 'Александр', 'Морозов', 'Алексеевич', 'Челябинск', '2005-03-25', 48),
(493, 'Юрий', 'Смирнов', 'Дмитриевич', 'Москва', '1987-01-24', 29),
(494, 'Михаил', 'Попов', 'Алексеевич', 'Санкт-Петербург', '1994-01-28', 21),
(495, 'Сергей', 'Морозов', 'Иванович', 'Санкт-Петербург', '2005-02-21', 48),
(496, 'Андрей', 'Иванов', 'Владимирович', 'Москва', '1982-12-10', 32),
(497, 'Юрий', 'Лебедев', 'Иванович', 'Санкт-Петербург', '1981-03-30', 3),
(498, 'Михаил', 'Кузнецов', 'Николаевич', 'Ростов-на-Дону', '1983-02-13', 43),
(499, 'Сергей', 'Попов', 'Алексеевич', 'Нижний Новгород', '1989-02-15', 33),
(500, 'Владимир', 'Кузнецов', 'Михайлович', 'Москва', '1996-04-17', 10),
(501, 'Алексей', 'Иванов', 'Сергеевич', 'Нижний Новгород', '1983-02-23', 1),
(502, 'Сергей', 'Козлов', 'Александрович', 'Омск', '1987-03-16', 27),
(503, 'Иван', 'Попов', 'Андреевич', 'Ростов-на-Дону', '2003-06-20', 13),
(504, 'Алексей', 'Лебедев', 'Николаевич', 'Екатеринбург', '1989-12-15', 48),
(505, 'Юрий', 'Петров', 'Сергеевич', 'Москва', '1981-10-25', 25),
(506, 'Дмитрий', 'Иванов', 'Александрович', 'Нижний Новгород', '1989-03-18', 4),
(507, 'Михаил', 'Кузнецов', 'Николаевич', 'Ростов-на-Дону', '1987-03-31', 13),
(508, 'Александр', 'Кузнецов', 'Александрович', 'Нижний Новгород', '1985-03-02', 46),
(509, 'Дмитрий', 'Морозов', 'Александрович', 'Самара', '2005-05-07', 29),
(510, 'Михаил', 'Сидоров', 'Михайлович', 'Москва', '1989-07-17', 30),
(511, 'Иван', 'Лебедев', 'Юрьевич', 'Самара', '1982-05-28', 4),
(512, 'Андрей', 'Попов', 'Дмитриевич', 'Москва', '1985-08-30', 36),
(513, 'Юрий', 'Попов', 'Михайлович', 'Санкт-Петербург', '2004-10-09', 18),
(514, 'Сергей', 'Сидоров', 'Сергеевич', 'Нижний Новгород', '1996-08-03', 36),
(515, 'Андрей', 'Смирнов', 'Андреевич', 'Челябинск', '1982-11-17', 11),
(516, 'Михаил', 'Морозов', 'Андреевич', 'Челябинск', '1986-12-13', 30),
(517, 'Михаил', 'Новиков', 'Михайлович', 'Новосибирск', '1990-05-11', 35),
(518, 'Иван', 'Смирнов', 'Андреевич', 'Москва', '1997-03-08', 43),
(519, 'Андрей', 'Попов', 'Михайлович', 'Омск', '1981-09-16', 2),
(520, 'Алексей', 'Смирнов', 'Сергеевич', 'Нижний Новгород', '2003-10-26', 7),
(521, 'Николай', 'Попов', 'Дмитриевич', 'Екатеринбург', '2001-03-02', 21),
(522, 'Александр', 'Смирнов', 'Андреевич', 'Самара', '1981-12-20', 34),
(523, 'Юрий', 'Смирнов', 'Дмитриевич', 'Казань', '1996-11-12', 39),
(524, 'Сергей', 'Новиков', 'Андреевич', 'Нижний Новгород', '1983-07-02', 8),
(525, 'Иван', 'Новиков', 'Андреевич', 'Нижний Новгород', '1987-08-23', 23),
(526, 'Дмитрий', 'Иванов', 'Иванович', 'Москва', '2003-04-28', 9),
(527, 'Александр', 'Сидоров', 'Юрьевич', 'Казань', '1996-04-01', 35),
(528, 'Владимир', 'Иванов', 'Сергеевич', 'Москва', '1989-10-18', 24),
(529, 'Николай', 'Смирнов', 'Андреевич', 'Ростов-на-Дону', '2000-05-27', 8),
(530, 'Сергей', 'Кузнецов', 'Иванович', 'Самара', '1983-12-23', 41),
(531, 'Алексей', 'Попов', 'Юрьевич', 'Москва', '1981-09-05', 29),
(532, 'Сергей', 'Попов', 'Дмитриевич', 'Омск', '1998-01-02', 37),
(533, 'Дмитрий', 'Кузнецов', 'Андреевич', 'Новосибирск', '1994-07-18', 12),
(534, 'Иван', 'Кузнецов', 'Николаевич', 'Ростов-на-Дону', '2004-04-26', 49),
(535, 'Владимир', 'Смирнов', 'Алексеевич', 'Москва', '1986-06-03', 13),
(536, 'Владимир', 'Морозов', 'Андреевич', 'Самара', '1996-10-06', 44),
(537, 'Сергей', 'Попов', 'Владимирович', 'Нижний Новгород', '1990-02-02', 32),
(538, 'Сергей', 'Новиков', 'Дмитриевич', 'Новосибирск', '1984-05-20', 17),
(539, 'Иван', 'Петров', 'Николаевич', 'Челябинск', '1981-12-23', 22),
(540, 'Дмитрий', 'Новиков', 'Александрович', 'Нижний Новгород', '1987-04-15', 7),
(541, 'Николай', 'Козлов', 'Иванович', 'Казань', '2005-09-21', 14),
(542, 'Сергей', 'Смирнов', 'Дмитриевич', 'Омск', '2000-01-28', 27),
(543, 'Юрий', 'Смирнов', 'Иванович', 'Санкт-Петербург', '1985-12-19', 32),
(544, 'Иван', 'Попов', 'Сергеевич', 'Казань', '1984-02-13', 23),
(545, 'Николай', 'Сидоров', 'Юрьевич', 'Москва', '1987-05-06', 26),
(546, 'Николай', 'Иванов', 'Владимирович', 'Москва', '1981-04-18', 12),
(547, 'Дмитрий', 'Попов', 'Алексеевич', 'Екатеринбург', '1998-01-10', 39),
(548, 'Николай', 'Смирнов', 'Юрьевич', 'Новосибирск', '1986-10-15', 33),
(549, 'Александр', 'Козлов', 'Андреевич', 'Москва', '1997-09-09', 6),
(550, 'Андрей', 'Кузнецов', 'Александрович', 'Омск', '1980-10-07', 30),
(551, 'Дмитрий', 'Кузнецов', 'Андреевич', 'Омск', '1996-10-28', 14),
(552, 'Андрей', 'Лебедев', 'Алексеевич', 'Москва', '1991-10-29', 21),
(553, 'Владимир', 'Морозов', 'Владимирович', 'Челябинск', '2003-09-17', 13),
(554, 'Николай', 'Смирнов', 'Алексеевич', 'Омск', '1986-06-20', 33),
(555, 'Дмитрий', 'Морозов', 'Алексеевич', 'Новосибирск', '1983-04-11', 4),
(556, 'Николай', 'Попов', 'Александрович', 'Санкт-Петербург', '1982-04-04', 40),
(557, 'Алексей', 'Иванов', 'Андреевич', 'Челябинск', '2002-01-21', 22),
(558, 'Андрей', 'Кузнецов', 'Алексеевич', 'Ростов-на-Дону', '2000-12-23', 29),
(559, 'Николай', 'Петров', 'Михайлович', 'Москва', '1992-07-13', 41),
(560, 'Михаил', 'Морозов', 'Иванович', 'Омск', '1987-06-21', 35),
(561, 'Иван', 'Попов', 'Андреевич', 'Нижний Новгород', '1983-09-14', 37),
(562, 'Иван', 'Смирнов', 'Юрьевич', 'Ростов-на-Дону', '2004-09-28', 38),
(563, 'Владимир', 'Кузнецов', 'Владимирович', 'Казань', '1991-10-22', 27),
(564, 'Андрей', 'Смирнов', 'Михайлович', 'Самара', '1993-01-09', 18),
(565, 'Михаил', 'Морозов', 'Дмитриевич', 'Новосибирск', '1984-10-25', 44),
(566, 'Сергей', 'Смирнов', 'Иванович', 'Екатеринбург', '2003-08-28', 6),
(567, 'Николай', 'Иванов', 'Александрович', 'Санкт-Петербург', '1986-12-22', 25),
(568, 'Юрий', 'Смирнов', 'Алексеевич', 'Казань', '1994-01-26', 45),
(569, 'Сергей', 'Новиков', 'Михайлович', 'Санкт-Петербург', '1992-06-15', 31),
(570, 'Александр', 'Морозов', 'Александрович', 'Екатеринбург', '1995-10-05', 18),
(571, 'Сергей', 'Попов', 'Михайлович', 'Москва', '1984-01-24', 19),
(572, 'Иван', 'Попов', 'Иванович', 'Челябинск', '1985-11-25', 8),
(573, 'Юрий', 'Кузнецов', 'Владимирович', 'Новосибирск', '1987-02-01', 17),
(574, 'Владимир', 'Иванов', 'Николаевич', 'Екатеринбург', '1998-06-19', 43),
(575, 'Андрей', 'Лебедев', 'Иванович', 'Казань', '1997-07-31', 20),
(576, 'Иван', 'Смирнов', 'Николаевич', 'Омск', '1990-01-02', 43),
(577, 'Алексей', 'Морозов', 'Алексеевич', 'Санкт-Петербург', '1982-02-09', 35),
(578, 'Владимир', 'Иванов', 'Александрович', 'Москва', '1999-10-23', 41),
(579, 'Александр', 'Смирнов', 'Юрьевич', 'Ростов-на-Дону', '1981-07-19', 49),
(580, 'Юрий', 'Иванов', 'Сергеевич', 'Москва', '2000-08-17', 35),
(581, 'Иван', 'Кузнецов', 'Владимирович', 'Самара', '1986-04-07', 31),
(582, 'Юрий', 'Сидоров', 'Юрьевич', 'Казань', '1983-08-21', 1),
(583, 'Андрей', 'Козлов', 'Дмитриевич', 'Ростов-на-Дону', '1992-12-12', 49),
(584, 'Сергей', 'Лебедев', 'Иванович', 'Москва', '1980-03-31', 5),
(585, 'Николай', 'Петров', 'Михайлович', 'Челябинск', '1992-09-19', 15),
(586, 'Андрей', 'Морозов', 'Николаевич', 'Москва', '1991-04-03', 22),
(587, 'Владимир', 'Иванов', 'Дмитриевич', 'Ростов-на-Дону', '1987-03-24', 13),
(588, 'Владимир', 'Смирнов', 'Николаевич', 'Омск', '1991-05-06', 6),
(589, 'Юрий', 'Новиков', 'Алексеевич', 'Нижний Новгород', '1996-02-24', 36),
(590, 'Сергей', 'Кузнецов', 'Николаевич', 'Москва', '1983-03-07', 35),
(591, 'Алексей', 'Попов', 'Александрович', 'Москва', '2003-10-23', 11),
(592, 'Юрий', 'Попов', 'Дмитриевич', 'Санкт-Петербург', '1996-02-26', 16),
(593, 'Алексей', 'Новиков', 'Алексеевич', 'Казань', '1981-01-24', 32),
(594, 'Михаил', 'Кузнецов', 'Алексеевич', 'Самара', '1985-12-18', 4),
(595, 'Иван', 'Кузнецов', 'Андреевич', 'Екатеринбург', '1990-09-02', 2),
(596, 'Алексей', 'Новиков', 'Юрьевич', 'Челябинск', '1995-06-26', 22),
(597, 'Николай', 'Лебедев', 'Андреевич', 'Екатеринбург', '2005-07-31', 22),
(598, 'Владимир', 'Новиков', 'Юрьевич', 'Челябинск', '1989-03-08', 39),
(599, 'Юрий', 'Козлов', 'Сергеевич', 'Москва', '1985-09-19', 14),
(600, 'Юрий', 'Попов', 'Михайлович', 'Новосибирск', '2004-06-07', 18),
(601, 'Иван', 'Попов', 'Андреевич', 'Санкт-Петербург', '1985-06-24', 16),
(602, 'Александр', 'Петров', 'Юрьевич', 'Ростов-на-Дону', '1990-05-29', 14),
(603, 'Иван', 'Попов', 'Николаевич', 'Санкт-Петербург', '2003-11-05', 17),
(604, 'Сергей', 'Козлов', 'Алексеевич', 'Москва', '1995-03-21', 50),
(605, 'Михаил', 'Кузнецов', 'Николаевич', 'Нижний Новгород', '1989-04-06', 20),
(606, 'Николай', 'Петров', 'Сергеевич', 'Новосибирск', '2004-09-16', 23),
(607, 'Владимир', 'Попов', 'Дмитриевич', 'Нижний Новгород', '1982-08-15', 19),
(608, 'Михаил', 'Лебедев', 'Александрович', 'Ростов-на-Дону', '2003-08-09', 24),
(609, 'Николай', 'Попов', 'Дмитриевич', 'Екатеринбург', '1986-01-20', 2),
(610, 'Александр', 'Сидоров', 'Андреевич', 'Нижний Новгород', '1984-11-12', 48),
(611, 'Сергей', 'Новиков', 'Андреевич', 'Омск', '1982-04-26', 43),
(612, 'Юрий', 'Новиков', 'Сергеевич', 'Омск', '1993-10-13', 2),
(613, 'Иван', 'Попов', 'Михайлович', 'Омск', '1993-11-22', 14),
(614, 'Михаил', 'Козлов', 'Сергеевич', 'Новосибирск', '1986-01-16', 46),
(615, 'Алексей', 'Смирнов', 'Николаевич', 'Омск', '1992-11-24', 42),
(616, 'Михаил', 'Иванов', 'Иванович', 'Ростов-на-Дону', '1983-04-18', 20),
(617, 'Николай', 'Кузнецов', 'Михайлович', 'Екатеринбург', '2001-07-15', 43),
(618, 'Владимир', 'Козлов', 'Михайлович', 'Самара', '2002-08-03', 43),
(619, 'Дмитрий', 'Попов', 'Алексеевич', 'Москва', '1994-09-05', 40),
(620, 'Юрий', 'Иванов', 'Александрович', 'Новосибирск', '1994-10-22', 46),
(621, 'Юрий', 'Петров', 'Алексеевич', 'Новосибирск', '1993-01-23', 2),
(622, 'Андрей', 'Иванов', 'Александрович', 'Омск', '2000-03-13', 49),
(623, 'Андрей', 'Иванов', 'Владимирович', 'Омск', '1982-05-02', 25),
(624, 'Алексей', 'Новиков', 'Дмитриевич', 'Казань', '2005-06-23', 22),
(625, 'Иван', 'Лебедев', 'Иванович', 'Казань', '1999-02-20', 33),
(626, 'Иван', 'Иванов', 'Андреевич', 'Новосибирск', '1993-07-24', 11),
(627, 'Владимир', 'Смирнов', 'Иванович', 'Москва', '1989-04-27', 32),
(628, 'Юрий', 'Козлов', 'Дмитриевич', 'Москва', '1995-04-16', 29),
(629, 'Юрий', 'Иванов', 'Андреевич', 'Казань', '1986-01-04', 1),
(630, 'Иван', 'Новиков', 'Александрович', 'Ростов-на-Дону', '1994-03-20', 32),
(631, 'Сергей', 'Кузнецов', 'Иванович', 'Новосибирск', '1996-11-23', 45),
(632, 'Иван', 'Лебедев', 'Владимирович', 'Челябинск', '2000-11-18', 13),
(633, 'Владимир', 'Смирнов', 'Александрович', 'Нижний Новгород', '1991-01-08', 21),
(634, 'Алексей', 'Лебедев', 'Александрович', 'Челябинск', '1986-12-30', 23),
(635, 'Юрий', 'Лебедев', 'Владимирович', 'Челябинск', '1986-11-24', 7),
(636, 'Юрий', 'Иванов', 'Юрьевич', 'Новосибирск', '1992-01-19', 37),
(637, 'Андрей', 'Петров', 'Дмитриевич', 'Челябинск', '1984-10-19', 14),
(638, 'Алексей', 'Кузнецов', 'Алексеевич', 'Санкт-Петербург', '1988-02-13', 45),
(639, 'Дмитрий', 'Лебедев', 'Михайлович', 'Омск', '1996-01-29', 28),
(640, 'Андрей', 'Иванов', 'Андреевич', 'Нижний Новгород', '1995-08-17', 7),
(641, 'Сергей', 'Петров', 'Александрович', 'Самара', '1990-08-11', 2),
(642, 'Михаил', 'Козлов', 'Александрович', 'Екатеринбург', '1995-07-25', 8),
(643, 'Алексей', 'Попов', 'Владимирович', 'Санкт-Петербург', '1984-09-17', 39),
(644, 'Дмитрий', 'Петров', 'Михайлович', 'Екатеринбург', '1987-12-22', 9),
(645, 'Александр', 'Кузнецов', 'Сергеевич', 'Омск', '1996-10-01', 39),
(646, 'Михаил', 'Кузнецов', 'Иванович', 'Казань', '1998-06-05', 12),
(647, 'Андрей', 'Кузнецов', 'Иванович', 'Санкт-Петербург', '1981-05-11', 44),
(648, 'Дмитрий', 'Козлов', 'Алексеевич', 'Челябинск', '1984-03-24', 27),
(649, 'Иван', 'Кузнецов', 'Александрович', 'Москва', '1998-05-21', 44),
(650, 'Юрий', 'Кузнецов', 'Иванович', 'Ростов-на-Дону', '1995-01-13', 1),
(651, 'Николай', 'Смирнов', 'Иванович', 'Екатеринбург', '1989-08-27', 10),
(652, 'Иван', 'Кузнецов', 'Александрович', 'Челябинск', '1980-05-22', 38),
(653, 'Иван', 'Козлов', 'Александрович', 'Челябинск', '2004-07-24', 49),
(654, 'Николай', 'Лебедев', 'Владимирович', 'Казань', '2002-06-04', 9),
(655, 'Дмитрий', 'Козлов', 'Алексеевич', 'Самара', '1984-05-24', 29),
(656, 'Сергей', 'Козлов', 'Иванович', 'Санкт-Петербург', '1982-03-06', 28),
(657, 'Алексей', 'Козлов', 'Юрьевич', 'Самара', '1980-04-07', 10),
(658, 'Сергей', 'Козлов', 'Владимирович', 'Новосибирск', '1981-09-13', 45),
(659, 'Сергей', 'Сидоров', 'Александрович', 'Казань', '1984-02-17', 19),
(660, 'Алексей', 'Иванов', 'Владимирович', 'Екатеринбург', '1985-08-10', 48),
(661, 'Александр', 'Попов', 'Николаевич', 'Челябинск', '1993-09-26', 44),
(662, 'Александр', 'Кузнецов', 'Дмитриевич', 'Казань', '1996-07-25', 32),
(663, 'Алексей', 'Попов', 'Юрьевич', 'Ростов-на-Дону', '1997-12-21', 27),
(664, 'Андрей', 'Лебедев', 'Дмитриевич', 'Ростов-на-Дону', '1990-05-03', 46),
(665, 'Владимир', 'Лебедев', 'Владимирович', 'Новосибирск', '2001-08-19', 29),
(666, 'Сергей', 'Петров', 'Юрьевич', 'Санкт-Петербург', '1992-07-26', 3),
(667, 'Юрий', 'Новиков', 'Михайлович', 'Москва', '1981-05-30', 42),
(668, 'Николай', 'Лебедев', 'Александрович', 'Екатеринбург', '1999-02-19', 49),
(669, 'Иван', 'Сидоров', 'Владимирович', 'Москва', '1981-03-29', 35),
(670, 'Дмитрий', 'Иванов', 'Алексеевич', 'Санкт-Петербург', '2000-03-05', 40),
(671, 'Иван', 'Попов', 'Иванович', 'Москва', '2001-01-01', 37),
(672, 'Иван', 'Смирнов', 'Юрьевич', 'Нижний Новгород', '1990-10-14', 21),
(673, 'Дмитрий', 'Новиков', 'Андреевич', 'Самара', '1991-12-22', 18),
(674, 'Андрей', 'Новиков', 'Алексеевич', 'Самара', '1991-07-26', 16),
(675, 'Александр', 'Козлов', 'Юрьевич', 'Челябинск', '1984-12-30', 35),
(676, 'Дмитрий', 'Кузнецов', 'Иванович', 'Ростов-на-Дону', '1991-07-29', 13),
(677, 'Иван', 'Попов', 'Иванович', 'Омск', '1992-12-21', 46),
(678, 'Сергей', 'Смирнов', 'Владимирович', 'Санкт-Петербург', '1998-12-19', 9),
(679, 'Юрий', 'Новиков', 'Иванович', 'Екатеринбург', '1991-01-29', 47),
(680, 'Алексей', 'Козлов', 'Иванович', 'Нижний Новгород', '1996-07-12', 16),
(681, 'Михаил', 'Иванов', 'Юрьевич', 'Москва', '1992-01-12', 27),
(682, 'Юрий', 'Лебедев', 'Николаевич', 'Екатеринбург', '1995-06-26', 17),
(683, 'Алексей', 'Петров', 'Иванович', 'Москва', '1985-03-13', 3),
(684, 'Алексей', 'Иванов', 'Алексеевич', 'Новосибирск', '2005-06-06', 17),
(685, 'Сергей', 'Сидоров', 'Дмитриевич', 'Нижний Новгород', '2003-03-14', 46),
(686, 'Александр', 'Козлов', 'Сергеевич', 'Нижний Новгород', '1986-12-20', 20),
(687, 'Николай', 'Смирнов', 'Николаевич', 'Москва', '1996-07-01', 3),
(688, 'Михаил', 'Попов', 'Алексеевич', 'Самара', '2004-09-01', 24),
(689, 'Юрий', 'Попов', 'Сергеевич', 'Казань', '1988-05-18', 6),
(690, 'Андрей', 'Смирнов', 'Михайлович', 'Нижний Новгород', '1995-11-27', 6),
(691, 'Владимир', 'Петров', 'Алексеевич', 'Ростов-на-Дону', '2002-02-23', 32),
(692, 'Николай', 'Лебедев', 'Сергеевич', 'Омск', '1996-07-27', 4),
(693, 'Николай', 'Новиков', 'Иванович', 'Москва', '1996-01-22', 34),
(694, 'Михаил', 'Новиков', 'Михайлович', 'Омск', '1999-01-04', 8),
(695, 'Сергей', 'Иванов', 'Юрьевич', 'Нижний Новгород', '1995-04-10', 41),
(696, 'Андрей', 'Морозов', 'Дмитриевич', 'Москва', '1991-09-04', 20),
(697, 'Владимир', 'Иванов', 'Алексеевич', 'Москва', '1981-11-21', 36),
(698, 'Сергей', 'Петров', 'Владимирович', 'Москва', '2002-04-02', 37),
(699, 'Михаил', 'Кузнецов', 'Сергеевич', 'Самара', '1981-04-09', 34),
(700, 'Николай', 'Иванов', 'Иванович', 'Санкт-Петербург', '2004-05-02', 32),
(701, 'Михаил', 'Попов', 'Дмитриевич', 'Ростов-на-Дону', '1987-12-04', 43),
(702, 'Сергей', 'Козлов', 'Андреевич', 'Ростов-на-Дону', '1987-02-26', 40),
(703, 'Дмитрий', 'Лебедев', 'Дмитриевич', 'Ростов-на-Дону', '1995-09-10', 33),
(704, 'Александр', 'Попов', 'Сергеевич', 'Челябинск', '2002-06-17', 2),
(705, 'Иван', 'Петров', 'Дмитриевич', 'Санкт-Петербург', '2004-10-12', 14),
(706, 'Дмитрий', 'Кузнецов', 'Иванович', 'Казань', '2000-07-04', 12),
(707, 'Владимир', 'Козлов', 'Николаевич', 'Екатеринбург', '1989-07-19', 22),
(708, 'Алексей', 'Новиков', 'Сергеевич', 'Новосибирск', '1997-11-09', 21),
(709, 'Николай', 'Морозов', 'Алексеевич', 'Нижний Новгород', '1996-12-11', 39),
(710, 'Алексей', 'Кузнецов', 'Дмитриевич', 'Новосибирск', '1996-12-21', 13),
(711, 'Владимир', 'Иванов', 'Александрович', 'Санкт-Петербург', '1990-11-16', 33),
(712, 'Дмитрий', 'Иванов', 'Дмитриевич', 'Челябинск', '1998-05-12', 32),
(713, 'Михаил', 'Морозов', 'Александрович', 'Санкт-Петербург', '1996-09-24', 39),
(714, 'Михаил', 'Смирнов', 'Дмитриевич', 'Екатеринбург', '1987-01-22', 15),
(715, 'Иван', 'Попов', 'Николаевич', 'Самара', '1983-10-31', 39),
(716, 'Николай', 'Кузнецов', 'Михайлович', 'Нижний Новгород', '2002-10-17', 6),
(717, 'Михаил', 'Кузнецов', 'Николаевич', 'Ростов-на-Дону', '1991-09-04', 22),
(718, 'Андрей', 'Петров', 'Иванович', 'Самара', '1986-10-20', 6),
(719, 'Александр', 'Смирнов', 'Алексеевич', 'Казань', '1987-01-29', 39),
(720, 'Иван', 'Петров', 'Алексеевич', 'Ростов-на-Дону', '2005-09-01', 42),
(721, 'Иван', 'Смирнов', 'Юрьевич', 'Москва', '1989-02-19', 42),
(722, 'Сергей', 'Козлов', 'Дмитриевич', 'Москва', '1985-12-31', 34),
(723, 'Сергей', 'Морозов', 'Александрович', 'Казань', '1980-01-18', 40),
(724, 'Юрий', 'Новиков', 'Юрьевич', 'Казань', '1988-04-21', 1),
(725, 'Сергей', 'Сидоров', 'Александрович', 'Казань', '1999-07-04', 34),
(726, 'Дмитрий', 'Козлов', 'Андреевич', 'Казань', '1999-11-28', 17),
(727, 'Иван', 'Кузнецов', 'Андреевич', 'Ростов-на-Дону', '2005-05-02', 12),
(728, 'Алексей', 'Петров', 'Николаевич', 'Омск', '1997-08-04', 10),
(729, 'Николай', 'Попов', 'Владимирович', 'Самара', '2003-07-18', 14),
(730, 'Сергей', 'Козлов', 'Сергеевич', 'Новосибирск', '1998-09-19', 13),
(731, 'Юрий', 'Козлов', 'Дмитриевич', 'Ростов-на-Дону', '1987-06-09', 46),
(732, 'Иван', 'Лебедев', 'Иванович', 'Новосибирск', '1995-10-07', 42),
(733, 'Алексей', 'Смирнов', 'Андреевич', 'Екатеринбург', '1990-04-02', 26),
(734, 'Юрий', 'Кузнецов', 'Иванович', 'Москва', '1997-11-18', 48),
(735, 'Иван', 'Морозов', 'Владимирович', 'Москва', '2005-09-01', 9),
(736, 'Николай', 'Сидоров', 'Сергеевич', 'Челябинск', '1984-04-01', 20),
(737, 'Александр', 'Петров', 'Михайлович', 'Нижний Новгород', '2000-12-07', 8),
(738, 'Александр', 'Кузнецов', 'Дмитриевич', 'Екатеринбург', '1996-07-12', 3),
(739, 'Дмитрий', 'Новиков', 'Юрьевич', 'Омск', '1986-08-18', 35),
(740, 'Александр', 'Лебедев', 'Александрович', 'Москва', '1986-09-11', 8),
(741, 'Сергей', 'Новиков', 'Михайлович', 'Новосибирск', '1980-07-11', 40),
(742, 'Иван', 'Новиков', 'Юрьевич', 'Екатеринбург', '1984-02-05', 14),
(743, 'Юрий', 'Петров', 'Дмитриевич', 'Челябинск', '1988-08-08', 26),
(744, 'Владимир', 'Попов', 'Юрьевич', 'Челябинск', '1988-02-11', 33),
(745, 'Иван', 'Кузнецов', 'Дмитриевич', 'Ростов-на-Дону', '1992-03-24', 18),
(746, 'Сергей', 'Попов', 'Алексеевич', 'Москва', '1987-01-18', 36),
(747, 'Юрий', 'Лебедев', 'Михайлович', 'Ростов-на-Дону', '1993-08-13', 5),
(748, 'Юрий', 'Новиков', 'Сергеевич', 'Санкт-Петербург', '1990-09-02', 34),
(749, 'Сергей', 'Козлов', 'Андреевич', 'Ростов-на-Дону', '2003-10-17', 38),
(750, 'Андрей', 'Смирнов', 'Юрьевич', 'Казань', '1991-01-30', 29),
(751, 'Сергей', 'Иванов', 'Иванович', 'Екатеринбург', '1996-05-22', 49),
(752, 'Андрей', 'Попов', 'Андреевич', 'Москва', '1980-10-10', 7),
(753, 'Николай', 'Морозов', 'Михайлович', 'Ростов-на-Дону', '1989-02-23', 21),
(754, 'Алексей', 'Кузнецов', 'Иванович', 'Ростов-на-Дону', '1987-12-22', 21),
(755, 'Дмитрий', 'Кузнецов', 'Михайлович', 'Казань', '1981-11-08', 3),
(756, 'Дмитрий', 'Козлов', 'Алексеевич', 'Санкт-Петербург', '1980-07-15', 35),
(757, 'Михаил', 'Сидоров', 'Александрович', 'Ростов-на-Дону', '1990-03-27', 28),
(758, 'Юрий', 'Новиков', 'Дмитриевич', 'Санкт-Петербург', '1997-08-01', 50),
(759, 'Дмитрий', 'Иванов', 'Владимирович', 'Нижний Новгород', '1983-12-12', 7),
(760, 'Михаил', 'Кузнецов', 'Андреевич', 'Омск', '1997-09-24', 19),
(761, 'Николай', 'Морозов', 'Владимирович', 'Новосибирск', '2002-01-16', 6),
(762, 'Владимир', 'Иванов', 'Николаевич', 'Омск', '1996-09-24', 47),
(763, 'Юрий', 'Петров', 'Владимирович', 'Челябинск', '1980-02-06', 8),
(764, 'Сергей', 'Сидоров', 'Александрович', 'Москва', '1998-02-09', 25),
(765, 'Александр', 'Петров', 'Михайлович', 'Новосибирск', '1980-06-30', 11),
(766, 'Юрий', 'Новиков', 'Иванович', 'Казань', '1996-03-20', 10),
(767, 'Иван', 'Кузнецов', 'Андреевич', 'Нижний Новгород', '1995-12-11', 10),
(768, 'Андрей', 'Петров', 'Александрович', 'Новосибирск', '1980-10-15', 49),
(769, 'Андрей', 'Лебедев', 'Дмитриевич', 'Челябинск', '1992-01-10', 45),
(770, 'Михаил', 'Петров', 'Александрович', 'Екатеринбург', '1988-04-04', 36),
(771, 'Владимир', 'Петров', 'Андреевич', 'Нижний Новгород', '1997-03-26', 18),
(772, 'Дмитрий', 'Кузнецов', 'Алексеевич', 'Москва', '2005-01-31', 27),
(773, 'Алексей', 'Смирнов', 'Иванович', 'Санкт-Петербург', '1999-09-24', 37),
(774, 'Иван', 'Иванов', 'Алексеевич', 'Санкт-Петербург', '1992-10-01', 46),
(775, 'Сергей', 'Козлов', 'Михайлович', 'Нижний Новгород', '1992-11-16', 8),
(776, 'Иван', 'Иванов', 'Николаевич', 'Самара', '1988-05-24', 14),
(777, 'Дмитрий', 'Козлов', 'Михайлович', 'Екатеринбург', '1998-01-14', 47),
(778, 'Александр', 'Петров', 'Владимирович', 'Москва', '1983-09-26', 25),
(779, 'Николай', 'Смирнов', 'Николаевич', 'Ростов-на-Дону', '1988-03-22', 25),
(780, 'Сергей', 'Иванов', 'Дмитриевич', 'Нижний Новгород', '1980-02-01', 9),
(781, 'Андрей', 'Новиков', 'Сергеевич', 'Казань', '1998-09-08', 21),
(782, 'Андрей', 'Морозов', 'Иванович', 'Омск', '1998-06-10', 37),
(783, 'Юрий', 'Кузнецов', 'Юрьевич', 'Екатеринбург', '2003-10-19', 23),
(784, 'Александр', 'Кузнецов', 'Дмитриевич', 'Нижний Новгород', '2005-08-03', 28),
(785, 'Иван', 'Новиков', 'Юрьевич', 'Самара', '1992-07-14', 43),
(786, 'Алексей', 'Морозов', 'Александрович', 'Челябинск', '2005-11-07', 21),
(787, 'Владимир', 'Новиков', 'Михайлович', 'Омск', '1996-02-22', 25),
(788, 'Дмитрий', 'Морозов', 'Сергеевич', 'Казань', '1990-05-18', 7),
(789, 'Александр', 'Сидоров', 'Алексеевич', 'Санкт-Петербург', '1987-10-15', 9),
(790, 'Михаил', 'Кузнецов', 'Андреевич', 'Омск', '1982-11-07', 23),
(791, 'Александр', 'Смирнов', 'Юрьевич', 'Новосибирск', '1995-05-29', 23),
(792, 'Николай', 'Новиков', 'Михайлович', 'Челябинск', '1996-07-03', 13),
(793, 'Сергей', 'Лебедев', 'Алексеевич', 'Нижний Новгород', '1996-09-09', 14),
(794, 'Юрий', 'Лебедев', 'Юрьевич', 'Самара', '1997-10-22', 31),
(795, 'Юрий', 'Петров', 'Александрович', 'Омск', '1993-01-17', 20),
(796, 'Андрей', 'Смирнов', 'Михайлович', 'Омск', '1997-08-05', 5),
(797, 'Алексей', 'Козлов', 'Сергеевич', 'Санкт-Петербург', '1986-04-24', 15),
(798, 'Николай', 'Новиков', 'Александрович', 'Новосибирск', '1981-10-21', 12),
(799, 'Николай', 'Новиков', 'Юрьевич', 'Екатеринбург', '2004-05-19', 3),
(800, 'Дмитрий', 'Попов', 'Сергеевич', 'Нижний Новгород', '2004-12-27', 20),
(801, 'Андрей', 'Попов', 'Владимирович', 'Ростов-на-Дону', '1996-05-07', 31),
(802, 'Дмитрий', 'Сидоров', 'Александрович', 'Казань', '1985-08-09', 32),
(803, 'Александр', 'Сидоров', 'Александрович', 'Казань', '1981-12-04', 5),
(804, 'Сергей', 'Козлов', 'Андреевич', 'Москва', '2003-11-24', 31),
(805, 'Иван', 'Новиков', 'Андреевич', 'Екатеринбург', '1983-05-13', 42),
(806, 'Юрий', 'Новиков', 'Михайлович', 'Казань', '1981-12-19', 31),
(807, 'Юрий', 'Козлов', 'Андреевич', 'Москва', '2005-12-28', 39),
(808, 'Николай', 'Петров', 'Дмитриевич', 'Самара', '2003-05-02', 21),
(809, 'Иван', 'Новиков', 'Михайлович', 'Новосибирск', '1991-05-09', 21),
(810, 'Юрий', 'Попов', 'Сергеевич', 'Новосибирск', '1991-11-25', 19),
(811, 'Николай', 'Смирнов', 'Юрьевич', 'Челябинск', '1994-12-23', 42),
(812, 'Сергей', 'Попов', 'Юрьевич', 'Омск', '2000-12-11', 1),
(813, 'Михаил', 'Попов', 'Николаевич', 'Омск', '1989-06-19', 46),
(814, 'Дмитрий', 'Козлов', 'Дмитриевич', 'Казань', '2003-09-25', 26),
(815, 'Андрей', 'Новиков', 'Иванович', 'Нижний Новгород', '1996-04-01', 42),
(816, 'Юрий', 'Козлов', 'Дмитриевич', 'Ростов-на-Дону', '1985-11-16', 42),
(817, 'Иван', 'Иванов', 'Юрьевич', 'Москва', '1993-03-06', 38),
(818, 'Владимир', 'Морозов', 'Михайлович', 'Омск', '1997-06-15', 1),
(819, 'Юрий', 'Козлов', 'Владимирович', 'Ростов-на-Дону', '2001-11-01', 16),
(820, 'Николай', 'Новиков', 'Сергеевич', 'Омск', '1984-09-15', 44),
(821, 'Дмитрий', 'Морозов', 'Алексеевич', 'Москва', '2003-04-26', 39),
(822, 'Николай', 'Лебедев', 'Юрьевич', 'Новосибирск', '1983-05-16', 33),
(823, 'Дмитрий', 'Сидоров', 'Юрьевич', 'Казань', '1982-04-20', 21),
(824, 'Иван', 'Смирнов', 'Михайлович', 'Москва', '1986-05-16', 31),
(825, 'Алексей', 'Козлов', 'Николаевич', 'Москва', '2004-09-14', 50),
(826, 'Александр', 'Новиков', 'Александрович', 'Челябинск', '1983-04-30', 50),
(827, 'Владимир', 'Смирнов', 'Иванович', 'Нижний Новгород', '1982-10-20', 14),
(828, 'Александр', 'Козлов', 'Дмитриевич', 'Новосибирск', '1982-09-17', 23),
(829, 'Сергей', 'Козлов', 'Иванович', 'Казань', '1983-01-05', 8),
(830, 'Сергей', 'Смирнов', 'Андреевич', 'Омск', '1982-09-09', 11),
(831, 'Николай', 'Сидоров', 'Дмитриевич', 'Самара', '2005-02-15', 18),
(832, 'Дмитрий', 'Сидоров', 'Владимирович', 'Москва', '2004-09-18', 13),
(833, 'Сергей', 'Новиков', 'Юрьевич', 'Ростов-на-Дону', '2001-05-23', 11),
(834, 'Дмитрий', 'Сидоров', 'Алексеевич', 'Самара', '1998-04-20', 25),
(835, 'Александр', 'Петров', 'Сергеевич', 'Казань', '1983-04-02', 2),
(836, 'Михаил', 'Попов', 'Иванович', 'Ростов-на-Дону', '2004-07-27', 39),
(837, 'Николай', 'Кузнецов', 'Юрьевич', 'Казань', '1995-01-11', 42),
(838, 'Александр', 'Кузнецов', 'Николаевич', 'Челябинск', '1994-06-22', 38),
(839, 'Александр', 'Кузнецов', 'Алексеевич', 'Ростов-на-Дону', '1982-07-19', 37),
(840, 'Дмитрий', 'Лебедев', 'Николаевич', 'Санкт-Петербург', '1998-02-21', 42),
(841, 'Дмитрий', 'Сидоров', 'Дмитриевич', 'Ростов-на-Дону', '2005-03-19', 37),
(842, 'Дмитрий', 'Смирнов', 'Михайлович', 'Новосибирск', '1995-04-20', 10),
(843, 'Михаил', 'Морозов', 'Владимирович', 'Новосибирск', '1999-07-02', 14),
(844, 'Михаил', 'Сидоров', 'Андреевич', 'Москва', '1992-01-09', 35),
(845, 'Александр', 'Сидоров', 'Николаевич', 'Омск', '1986-07-03', 12),
(846, 'Андрей', 'Иванов', 'Иванович', 'Новосибирск', '1989-07-19', 1),
(847, 'Сергей', 'Сидоров', 'Алексеевич', 'Нижний Новгород', '1998-10-18', 42),
(848, 'Андрей', 'Сидоров', 'Алексеевич', 'Новосибирск', '1984-02-22', 15),
(849, 'Владимир', 'Смирнов', 'Дмитриевич', 'Новосибирск', '1996-10-17', 11),
(850, 'Сергей', 'Попов', 'Дмитриевич', 'Казань', '2000-01-18', 10),
(851, 'Дмитрий', 'Сидоров', 'Николаевич', 'Ростов-на-Дону', '1981-09-26', 18),
(852, 'Владимир', 'Попов', 'Николаевич', 'Ростов-на-Дону', '2000-11-25', 44),
(853, 'Дмитрий', 'Попов', 'Александрович', 'Ростов-на-Дону', '1984-06-25', 14),
(854, 'Сергей', 'Смирнов', 'Дмитриевич', 'Челябинск', '2004-08-30', 10),
(855, 'Дмитрий', 'Смирнов', 'Андреевич', 'Новосибирск', '1995-01-10', 30),
(856, 'Александр', 'Кузнецов', 'Дмитриевич', 'Нижний Новгород', '1996-05-20', 15),
(857, 'Николай', 'Лебедев', 'Андреевич', 'Екатеринбург', '1980-05-10', 39),
(858, 'Андрей', 'Новиков', 'Андреевич', 'Нижний Новгород', '1987-10-10', 32),
(859, 'Сергей', 'Смирнов', 'Михайлович', 'Санкт-Петербург', '1989-02-17', 5),
(860, 'Дмитрий', 'Попов', 'Николаевич', 'Москва', '1999-04-18', 39),
(861, 'Иван', 'Кузнецов', 'Александрович', 'Ростов-на-Дону', '1998-09-20', 28),
(862, 'Иван', 'Смирнов', 'Александрович', 'Самара', '1988-06-02', 50),
(863, 'Юрий', 'Козлов', 'Сергеевич', 'Екатеринбург', '2005-06-27', 3),
(864, 'Юрий', 'Козлов', 'Юрьевич', 'Омск', '1993-06-06', 18),
(865, 'Андрей', 'Лебедев', 'Иванович', 'Казань', '1991-10-19', 29),
(866, 'Юрий', 'Сидоров', 'Алексеевич', 'Ростов-на-Дону', '1994-05-24', 6),
(867, 'Владимир', 'Петров', 'Николаевич', 'Самара', '1981-06-22', 8),
(868, 'Андрей', 'Иванов', 'Александрович', 'Москва', '1998-01-02', 26),
(869, 'Дмитрий', 'Новиков', 'Николаевич', 'Омск', '1996-09-02', 6),
(870, 'Иван', 'Петров', 'Михайлович', 'Ростов-на-Дону', '1997-08-03', 18),
(871, 'Иван', 'Новиков', 'Юрьевич', 'Новосибирск', '1982-11-10', 18),
(872, 'Владимир', 'Сидоров', 'Александрович', 'Омск', '1983-02-01', 50),
(873, 'Александр', 'Попов', 'Алексеевич', 'Казань', '1991-01-25', 8),
(874, 'Алексей', 'Петров', 'Николаевич', 'Самара', '1999-08-13', 34),
(875, 'Николай', 'Сидоров', 'Николаевич', 'Москва', '1984-07-23', 28),
(876, 'Михаил', 'Попов', 'Иванович', 'Новосибирск', '1995-02-07', 46),
(877, 'Юрий', 'Кузнецов', 'Сергеевич', 'Казань', '1998-09-25', 38),
(878, 'Александр', 'Лебедев', 'Александрович', 'Омск', '2004-09-17', 32),
(879, 'Андрей', 'Смирнов', 'Михайлович', 'Самара', '1997-02-13', 41),
(880, 'Михаил', 'Новиков', 'Алексеевич', 'Новосибирск', '1990-05-16', 3),
(881, 'Дмитрий', 'Кузнецов', 'Николаевич', 'Новосибирск', '2001-12-15', 12),
(882, 'Сергей', 'Козлов', 'Михайлович', 'Ростов-на-Дону', '1982-01-25', 41),
(883, 'Николай', 'Петров', 'Андреевич', 'Ростов-на-Дону', '1980-11-11', 25),
(884, 'Дмитрий', 'Лебедев', 'Михайлович', 'Казань', '1995-09-11', 49),
(885, 'Дмитрий', 'Лебедев', 'Александрович', 'Москва', '1993-03-17', 2),
(886, 'Алексей', 'Кузнецов', 'Владимирович', 'Санкт-Петербург', '1999-11-30', 23),
(887, 'Андрей', 'Лебедев', 'Сергеевич', 'Екатеринбург', '2001-09-14', 33),
(888, 'Юрий', 'Новиков', 'Дмитриевич', 'Москва', '2002-07-23', 28),
(889, 'Юрий', 'Кузнецов', 'Андреевич', 'Санкт-Петербург', '2000-09-24', 37),
(890, 'Андрей', 'Сидоров', 'Алексеевич', 'Новосибирск', '1987-06-12', 24),
(891, 'Дмитрий', 'Попов', 'Юрьевич', 'Москва', '1987-03-07', 43),
(892, 'Владимир', 'Смирнов', 'Дмитриевич', 'Новосибирск', '1993-07-30', 49),
(893, 'Дмитрий', 'Смирнов', 'Александрович', 'Москва', '1990-08-24', 17),
(894, 'Юрий', 'Козлов', 'Александрович', 'Омск', '1989-12-12', 19),
(895, 'Михаил', 'Лебедев', 'Андреевич', 'Санкт-Петербург', '1994-05-21', 30),
(896, 'Михаил', 'Козлов', 'Иванович', 'Нижний Новгород', '1997-09-01', 8),
(897, 'Алексей', 'Морозов', 'Владимирович', 'Ростов-на-Дону', '1982-09-06', 14),
(898, 'Михаил', 'Козлов', 'Михайлович', 'Москва', '1993-08-03', 50),
(899, 'Андрей', 'Смирнов', 'Сергеевич', 'Ростов-на-Дону', '1980-03-03', 34),
(900, 'Андрей', 'Морозов', 'Андреевич', 'Санкт-Петербург', '1995-09-09', 16),
(901, 'Иван', 'Козлов', 'Михайлович', 'Москва', '1992-12-20', 42),
(902, 'Михаил', 'Сидоров', 'Иванович', 'Новосибирск', '1985-07-10', 46),
(903, 'Иван', 'Кузнецов', 'Иванович', 'Омск', '1990-10-25', 14),
(904, 'Александр', 'Смирнов', 'Дмитриевич', 'Омск', '1991-02-09', 46),
(905, 'Иван', 'Морозов', 'Александрович', 'Самара', '1982-04-22', 19),
(906, 'Владимир', 'Смирнов', 'Андреевич', 'Екатеринбург', '1994-07-14', 48),
(907, 'Александр', 'Морозов', 'Николаевич', 'Ростов-на-Дону', '1995-05-07', 40),
(908, 'Андрей', 'Смирнов', 'Владимирович', 'Санкт-Петербург', '1990-03-24', 42),
(909, 'Сергей', 'Новиков', 'Андреевич', 'Новосибирск', '1992-06-25', 38),
(910, 'Сергей', 'Сидоров', 'Юрьевич', 'Казань', '1989-01-09', 33),
(911, 'Владимир', 'Петров', 'Николаевич', 'Самара', '2001-12-10', 20),
(912, 'Иван', 'Лебедев', 'Алексеевич', 'Челябинск', '1990-03-06', 33),
(913, 'Николай', 'Петров', 'Андреевич', 'Омск', '1992-05-17', 32),
(914, 'Сергей', 'Иванов', 'Андреевич', 'Казань', '1998-10-27', 19),
(915, 'Андрей', 'Кузнецов', 'Дмитриевич', 'Самара', '1981-10-14', 14),
(916, 'Алексей', 'Кузнецов', 'Михайлович', 'Новосибирск', '1991-10-08', 5),
(917, 'Андрей', 'Новиков', 'Сергеевич', 'Екатеринбург', '1988-07-22', 3),
(918, 'Алексей', 'Сидоров', 'Иванович', 'Самара', '2000-10-19', 28),
(919, 'Юрий', 'Сидоров', 'Алексеевич', 'Челябинск', '1997-02-22', 46),
(920, 'Иван', 'Новиков', 'Андреевич', 'Казань', '1982-12-27', 41),
(921, 'Алексей', 'Попов', 'Дмитриевич', 'Челябинск', '1994-07-17', 28),
(922, 'Александр', 'Сидоров', 'Владимирович', 'Новосибирск', '1989-03-29', 11),
(923, 'Иван', 'Петров', 'Иванович', 'Москва', '1995-02-18', 32),
(924, 'Николай', 'Сидоров', 'Дмитриевич', 'Самара', '1998-03-05', 36),
(925, 'Михаил', 'Попов', 'Александрович', 'Санкт-Петербург', '1987-10-19', 38),
(926, 'Алексей', 'Кузнецов', 'Дмитриевич', 'Челябинск', '2002-09-02', 47),
(927, 'Николай', 'Морозов', 'Юрьевич', 'Екатеринбург', '1983-03-28', 18),
(928, 'Михаил', 'Морозов', 'Сергеевич', 'Ростов-на-Дону', '2002-05-04', 5),
(929, 'Владимир', 'Смирнов', 'Алексеевич', 'Ростов-на-Дону', '2002-04-28', 8),
(930, 'Сергей', 'Морозов', 'Сергеевич', 'Казань', '2002-07-05', 3),
(931, 'Андрей', 'Попов', 'Иванович', 'Новосибирск', '1985-02-24', 1),
(932, 'Михаил', 'Попов', 'Александрович', 'Челябинск', '1990-03-24', 9),
(933, 'Александр', 'Лебедев', 'Сергеевич', 'Нижний Новгород', '1985-05-11', 37),
(934, 'Алексей', 'Попов', 'Александрович', 'Самара', '1994-10-12', 46),
(935, 'Николай', 'Иванов', 'Владимирович', 'Ростов-на-Дону', '1990-07-18', 47),
(936, 'Николай', 'Иванов', 'Иванович', 'Новосибирск', '2002-04-24', 38),
(937, 'Дмитрий', 'Сидоров', 'Сергеевич', 'Казань', '1994-10-19', 29),
(938, 'Николай', 'Козлов', 'Юрьевич', 'Ростов-на-Дону', '1988-07-13', 19),
(939, 'Дмитрий', 'Морозов', 'Сергеевич', 'Челябинск', '2004-10-22', 19),
(940, 'Михаил', 'Иванов', 'Николаевич', 'Новосибирск', '1994-04-18', 8),
(941, 'Дмитрий', 'Морозов', 'Алексеевич', 'Новосибирск', '1984-10-21', 24),
(942, 'Алексей', 'Петров', 'Юрьевич', 'Новосибирск', '1994-07-16', 6),
(943, 'Юрий', 'Смирнов', 'Юрьевич', 'Ростов-на-Дону', '1982-05-18', 24),
(944, 'Николай', 'Петров', 'Михайлович', 'Казань', '1991-05-27', 43),
(945, 'Юрий', 'Кузнецов', 'Александрович', 'Самара', '2002-01-19', 22),
(946, 'Николай', 'Морозов', 'Алексеевич', 'Москва', '1980-05-28', 31),
(947, 'Дмитрий', 'Новиков', 'Алексеевич', 'Ростов-на-Дону', '2002-06-16', 39),
(948, 'Иван', 'Морозов', 'Владимирович', 'Нижний Новгород', '1996-05-02', 20),
(949, 'Сергей', 'Петров', 'Юрьевич', 'Новосибирск', '1997-08-11', 6),
(950, 'Александр', 'Иванов', 'Александрович', 'Новосибирск', '1984-06-11', 38),
(951, 'Алексей', 'Морозов', 'Сергеевич', 'Ростов-на-Дону', '1987-06-16', 6),
(952, 'Александр', 'Лебедев', 'Иванович', 'Москва', '1992-01-09', 5),
(953, 'Александр', 'Попов', 'Николаевич', 'Омск', '1993-11-04', 27),
(954, 'Алексей', 'Иванов', 'Иванович', 'Москва', '1991-05-20', 38),
(955, 'Николай', 'Новиков', 'Алексеевич', 'Новосибирск', '1983-03-05', 16),
(956, 'Иван', 'Петров', 'Михайлович', 'Екатеринбург', '2003-10-09', 35),
(957, 'Николай', 'Смирнов', 'Иванович', 'Челябинск', '1996-03-01', 47),
(958, 'Андрей', 'Лебедев', 'Сергеевич', 'Казань', '2005-12-08', 14),
(959, 'Юрий', 'Морозов', 'Александрович', 'Санкт-Петербург', '2001-06-22', 4),
(960, 'Владимир', 'Новиков', 'Дмитриевич', 'Казань', '1998-03-04', 20),
(961, 'Сергей', 'Петров', 'Алексеевич', 'Челябинск', '1991-07-06', 45),
(962, 'Алексей', 'Иванов', 'Иванович', 'Санкт-Петербург', '1998-01-04', 9),
(963, 'Александр', 'Сидоров', 'Владимирович', 'Казань', '1995-08-27', 48),
(964, 'Николай', 'Иванов', 'Владимирович', 'Санкт-Петербург', '1989-12-17', 23),
(965, 'Александр', 'Новиков', 'Сергеевич', 'Москва', '1983-05-28', 44),
(966, 'Андрей', 'Кузнецов', 'Николаевич', 'Омск', '1988-01-06', 18),
(967, 'Николай', 'Иванов', 'Михайлович', 'Челябинск', '1984-11-25', 11),
(968, 'Михаил', 'Попов', 'Иванович', 'Санкт-Петербург', '1992-12-13', 13),
(969, 'Юрий', 'Лебедев', 'Михайлович', 'Санкт-Петербург', '1994-05-25', 19),
(970, 'Владимир', 'Морозов', 'Владимирович', 'Нижний Новгород', '1982-04-26', 8),
(971, 'Владимир', 'Попов', 'Дмитриевич', 'Казань', '1994-02-09', 40),
(972, 'Александр', 'Новиков', 'Андреевич', 'Омск', '2002-10-12', 3),
(973, 'Владимир', 'Кузнецов', 'Дмитриевич', 'Санкт-Петербург', '2002-02-20', 2),
(974, 'Александр', 'Новиков', 'Дмитриевич', 'Челябинск', '1993-05-13', 46),
(975, 'Владимир', 'Новиков', 'Иванович', 'Москва', '1999-10-21', 46),
(976, 'Сергей', 'Попов', 'Владимирович', 'Новосибирск', '2000-02-26', 25),
(977, 'Михаил', 'Смирнов', 'Михайлович', 'Москва', '2000-12-09', 14),
(978, 'Александр', 'Смирнов', 'Алексеевич', 'Новосибирск', '1991-12-13', 10),
(979, 'Алексей', 'Смирнов', 'Михайлович', 'Екатеринбург', '2004-07-28', 22),
(980, 'Дмитрий', 'Кузнецов', 'Александрович', 'Ростов-на-Дону', '1986-05-25', 35),
(981, 'Александр', 'Кузнецов', 'Алексеевич', 'Омск', '1996-02-06', 39),
(982, 'Иван', 'Лебедев', 'Алексеевич', 'Ростов-на-Дону', '2004-12-13', 35),
(983, 'Николай', 'Кузнецов', 'Юрьевич', 'Москва', '1993-02-02', 35),
(984, 'Владимир', 'Лебедев', 'Дмитриевич', 'Казань', '2005-04-24', 30),
(985, 'Михаил', 'Козлов', 'Дмитриевич', 'Новосибирск', '1993-12-03', 15),
(986, 'Александр', 'Попов', 'Михайлович', 'Санкт-Петербург', '1993-04-06', 44),
(987, 'Александр', 'Морозов', 'Алексеевич', 'Ростов-на-Дону', '1991-01-11', 41),
(988, 'Александр', 'Морозов', 'Николаевич', 'Омск', '1998-07-12', 49),
(989, 'Николай', 'Иванов', 'Владимирович', 'Москва', '1995-10-25', 38),
(990, 'Андрей', 'Смирнов', 'Михайлович', 'Нижний Новгород', '2000-12-04', 48),
(991, 'Михаил', 'Иванов', 'Михайлович', 'Москва', '1998-05-03', 22),
(992, 'Сергей', 'Петров', 'Алексеевич', 'Ростов-на-Дону', '2004-09-25', 13),
(993, 'Владимир', 'Сидоров', 'Михайлович', 'Челябинск', '1989-02-08', 21),
(994, 'Александр', 'Смирнов', 'Дмитриевич', 'Ростов-на-Дону', '2001-09-10', 41),
(995, 'Александр', 'Кузнецов', 'Сергеевич', 'Нижний Новгород', '1996-03-07', 10),
(996, 'Николай', 'Лебедев', 'Юрьевич', 'Омск', '1980-01-14', 21),
(997, 'Дмитрий', 'Петров', 'Иванович', 'Ростов-на-Дону', '2003-01-22', 10),
(998, 'Михаил', 'Попов', 'Дмитриевич', 'Омск', '2002-02-26', 26),
(999, 'Михаил', 'Лебедев', 'Дмитриевич', 'Санкт-Петербург', '1986-04-02', 34),
(1000, 'Алексей', 'Иванов', 'Дмитриевич', 'Самара', '2001-01-16', 43);

INSERT INTO Lecturer(Lecturer_Id, Name, Surname, Middle_Name, City, Birthday, Univ_Id)
VALUES
(1, 'Михаил', 'Козлов', 'Юрьевич', 'Казань', '1963-11-24', 48),
(2, 'Алексей', 'Лебедев', 'Алексеевич', 'Ростов-на-Дону', '1971-01-15', 16),
(3, 'Дмитрий', 'Козлов', 'Владимирович', 'Екатеринбург', '1976-11-20', 35),
(4, 'Сергей', 'Сидоров', 'Юрьевич', 'Москва', '1950-06-24', 37),
(5, 'Иван', 'Новиков', 'Владимирович', 'Самара', '1988-06-02', 42),
(6, 'Алексей', 'Смирнов', 'Алексеевич', 'Нижний Новгород', '1972-04-21', 23),
(7, 'Владимир', 'Смирнов', 'Алексеевич', 'Екатеринбург', '1946-11-07', 39),
(8, 'Александр', 'Смирнов', 'Алексеевич', 'Челябинск', '1971-11-16', 7),
(9, 'Николай', 'Лебедев', 'Александрович', 'Челябинск', '1986-04-14', 46),
(10, 'Владимир', 'Петров', 'Андреевич', 'Москва', '1991-02-01', 9),
(11, 'Юрий', 'Козлов', 'Иванович', 'Москва', '1973-10-22', 40),
(12, 'Владимир', 'Новиков', 'Алексеевич', 'Самара', '1940-06-27', 36),
(13, 'Дмитрий', 'Новиков', 'Дмитриевич', 'Москва', '1962-06-10', 37),
(14, 'Александр', 'Петров', 'Михайлович', 'Нижний Новгород', '1993-09-07', 48),
(15, 'Сергей', 'Петров', 'Дмитриевич', 'Челябинск', '1949-06-24', 31),
(16, 'Андрей', 'Попов', 'Алексеевич', 'Санкт-Петербург', '1950-06-08', 48),
(17, 'Михаил', 'Попов', 'Иванович', 'Омск', '1991-09-17', 8),
(18, 'Андрей', 'Смирнов', 'Юрьевич', 'Новосибирск', '1969-10-24', 45),
(19, 'Иван', 'Попов', 'Николаевич', 'Екатеринбург', '1985-05-03', 9),
(20, 'Николай', 'Сидоров', 'Юрьевич', 'Москва', '1969-11-09', 41),
(21, 'Александр', 'Иванов', 'Дмитриевич', 'Нижний Новгород', '1969-06-28', 27),
(22, 'Андрей', 'Новиков', 'Андреевич', 'Ростов-на-Дону', '1958-10-16', 15),
(23, 'Юрий', 'Морозов', 'Александрович', 'Санкт-Петербург', '1995-04-25', 20),
(24, 'Михаил', 'Смирнов', 'Андреевич', 'Омск', '1985-09-04', 9),
(25, 'Михаил', 'Попов', 'Дмитриевич', 'Челябинск', '1951-12-18', 27),
(26, 'Михаил', 'Иванов', 'Андреевич', 'Москва', '1983-08-21', 8),
(27, 'Иван', 'Морозов', 'Сергеевич', 'Нижний Новгород', '1978-04-18', 11),
(28, 'Дмитрий', 'Морозов', 'Алексеевич', 'Москва', '1941-11-28', 15),
(29, 'Михаил', 'Иванов', 'Иванович', 'Москва', '1949-08-31', 9),
(30, 'Николай', 'Кузнецов', 'Юрьевич', 'Москва', '1940-02-22', 13),
(31, 'Владимир', 'Лебедев', 'Владимирович', 'Челябинск', '1979-08-26', 9),
(32, 'Иван', 'Козлов', 'Михайлович', 'Новосибирск', '1983-01-17', 45),
(33, 'Владимир', 'Смирнов', 'Дмитриевич', 'Санкт-Петербург', '1980-07-21', 36),
(34, 'Юрий', 'Морозов', 'Алексеевич', 'Санкт-Петербург', '1995-04-24', 41),
(35, 'Михаил', 'Иванов', 'Николаевич', 'Санкт-Петербург', '1956-09-04', 13),
(36, 'Сергей', 'Козлов', 'Сергеевич', 'Москва', '1943-10-27', 47),
(37, 'Дмитрий', 'Петров', 'Дмитриевич', 'Санкт-Петербург', '1978-07-27', 16),
(38, 'Николай', 'Морозов', 'Юрьевич', 'Санкт-Петербург', '1972-02-21', 47),
(39, 'Андрей', 'Сидоров', 'Сергеевич', 'Челябинск', '1946-12-30', 34),
(40, 'Андрей', 'Кузнецов', 'Владимирович', 'Екатеринбург', '1955-08-17', 13),
(41, 'Александр', 'Новиков', 'Александрович', 'Казань', '1945-09-07', 34),
(42, 'Алексей', 'Лебедев', 'Владимирович', 'Омск', '1978-10-30', 30),
(43, 'Николай', 'Смирнов', 'Александрович', 'Нижний Новгород', '1958-09-27', 16),
(44, 'Сергей', 'Лебедев', 'Александрович', 'Нижний Новгород', '1964-10-16', 47),
(45, 'Алексей', 'Кузнецов', 'Андреевич', 'Челябинск', '1970-06-10', 20),
(46, 'Сергей', 'Смирнов', 'Иванович', 'Ростов-на-Дону', '1960-08-17', 22),
(47, 'Сергей', 'Смирнов', 'Дмитриевич', 'Москва', '1975-04-15', 13),
(48, 'Владимир', 'Лебедев', 'Иванович', 'Ростов-на-Дону', '1991-12-25', 26),
(49, 'Николай', 'Новиков', 'Александрович', 'Москва', '1987-08-27', 15),
(50, 'Юрий', 'Петров', 'Андреевич', 'Нижний Новгород', '1995-05-13', 41);


--Заполнение таблицы предметов
INSERT INTO Subject(Subj_Id, Subj_Name, Hour)
VALUES
(1, 'Экономика', 133),
(2, 'Философия', 103),
(3, 'Английский язык', 174),
(4, 'Экономика', 188),
(5, 'Английский язык', 213),
(6, 'Философия', 160),
(7, 'Математика', 130),
(8, 'Литература', 291),
(9, 'Философия', 135),
(10, 'История', 161);


--Заполнение таблицы экзаменов
INSERT INTO Exam_Mark(Exam_Id, Student_Id, Subj_Id, Mark, Exam_Date)
VALUES
(1, 675, 1, 4.07, '2022-01-28'),
(2, 356, 2, 4.72, '2022-09-04'),
(3, 134, 3, 4.05, '2023-07-26'),
(4, 941, 7, 2.47, '2024-06-22'),
(5, 193, 3, 4.25, '2022-11-01'),
(6, 265, 7, 4.6, '2023-08-01'),
(7, 651, 4, 2.53, '2022-04-15'),
(8, 885, 2, 3.23, '2022-08-27'),
(9, 730, 4, 3.4, '2022-04-28'),
(10, 240, 2, 2.88, '2022-03-27'),
(11, 877, 7, 4.53, '2022-08-06'),
(12, 178, 6, 4.61, '2024-08-18'),
(13, 508, 4, 3.87, '2024-07-13'),
(14, 690, 7, 2.53, '2024-02-17'),
(15, 799, 2, 4.58, '2024-09-11'),
(16, 846, 9, 2.66, '2023-08-28'),
(17, 260, 8, 3.42, '2024-02-01'),
(18, 229, 2, 4.56, '2023-02-04'),
(19, 791, 2, 2.58, '2022-11-18'),
(20, 834, 10, 3.69, '2024-08-20'),
(21, 651, 8, 3.41, '2023-06-26'),
(22, 659, 3, 4.57, '2023-08-08'),
(23, 879, 2, 3.69, '2024-10-30'),
(24, 563, 8, 3.12, '2024-09-25'),
(25, 703, 7, 2.86, '2022-01-14'),
(26, 373, 6, 3.28, '2022-03-02'),
(27, 710, 5, 3.34, '2022-12-01'),
(28, 649, 1, 3.91, '2022-06-25'),
(29, 80, 8, 3.37, '2023-06-26'),
(30, 867, 7, 3.65, '2023-02-13'),
(31, 484, 10, 3.92, '2023-03-03'),
(32, 183, 2, 2.71, '2022-04-24'),
(33, 191, 6, 3.33, '2023-10-24'),
(34, 955, 5, 3.85, '2022-03-05'),
(35, 503, 7, 4.2, '2024-04-04'),
(36, 829, 10, 2.85, '2023-08-28'),
(37, 308, 4, 3.85, '2024-05-28'),
(38, 374, 3, 3.51, '2024-01-26'),
(39, 223, 4, 4.01, '2022-10-11'),
(40, 373, 10, 2.14, '2024-09-27'),
(41, 48, 2, 3.72, '2023-12-22'),
(42, 581, 2, 3.97, '2022-12-09'),
(43, 126, 4, 4.92, '2023-07-01'),
(44, 11, 3, 4.96, '2022-04-30'),
(45, 999, 4, 3.26, '2022-04-24'),
(46, 664, 6, 3.33, '2023-02-24'),
(47, 568, 2, 3.24, '2024-10-27'),
(48, 792, 8, 2.37, '2023-03-11'),
(49, 163, 2, 3.91, '2022-12-22'),
(50, 172, 4, 4.71, '2022-04-30'),
(51, 450, 2, 4.41, '2023-06-13'),
(52, 816, 3, 3.26, '2023-07-21'),
(53, 48, 10, 2.1, '2023-02-03'),
(54, 733, 10, 3.46, '2022-06-24'),
(55, 292, 8, 4.28, '2022-03-05'),
(56, 878, 2, 4.33, '2023-02-09'),
(57, 743, 2, 2.59, '2024-09-15'),
(58, 298, 5, 3.77, '2023-07-28'),
(59, 647, 5, 4.29, '2022-12-03'),
(60, 464, 3, 2.69, '2022-11-24'),
(61, 469, 2, 2.53, '2022-01-24'),
(62, 116, 9, 4.03, '2024-07-11'),
(63, 229, 9, 2.35, '2024-09-05'),
(64, 596, 7, 2.96, '2023-10-05'),
(65, 182, 3, 2.18, '2022-05-04'),
(66, 821, 7, 3.8, '2022-06-07'),
(67, 820, 2, 3.54, '2023-04-07'),
(68, 899, 8, 2.52, '2023-08-14'),
(69, 227, 10, 2.62, '2024-10-16'),
(70, 502, 9, 3.13, '2024-02-08'),
(71, 258, 2, 3.39, '2024-08-18'),
(72, 409, 10, 4.44, '2024-03-08'),
(73, 361, 1, 4.54, '2022-10-15'),
(74, 854, 3, 2.06, '2023-12-26'),
(75, 367, 9, 4.77, '2024-11-15'),
(76, 515, 6, 4.52, '2023-08-24'),
(77, 817, 3, 3.89, '2022-03-02'),
(78, 274, 4, 3.82, '2024-04-25'),
(79, 748, 4, 3.47, '2023-02-03'),
(80, 951, 2, 2.95, '2023-05-04'),
(81, 880, 10, 2.24, '2023-07-16'),
(82, 163, 7, 4.59, '2024-10-11'),
(83, 381, 8, 2.13, '2022-09-13'),
(84, 161, 9, 2.54, '2022-11-10'),
(85, 427, 10, 2.15, '2022-12-07'),
(86, 481, 9, 4.82, '2023-09-20'),
(87, 808, 1, 3.41, '2022-03-02'),
(88, 281, 3, 4.69, '2024-01-13'),
(89, 289, 3, 2.31, '2022-09-27'),
(90, 39, 6, 2.13, '2023-06-18'),
(91, 690, 10, 3.75, '2022-01-14'),
(92, 621, 7, 2.55, '2023-07-17'),
(93, 698, 6, 3.19, '2022-10-19'),
(94, 499, 7, 4.2, '2023-12-10'),
(95, 450, 5, 3.1, '2022-08-30'),
(96, 780, 10, 2.38, '2023-03-19'),
(97, 906, 6, 2.87, '2023-01-22'),
(98, 736, 10, 2.0, '2022-09-27'),
(99, 592, 5, 2.83, '2024-10-26'),
(100, 751, 9, 2.77, '2022-01-01'),
(101, 190, 9, 3.22, '2023-12-26'),
(102, 215, 7, 2.46, '2024-07-05'),
(103, 437, 10, 2.93, '2024-12-24'),
(104, 997, 6, 3.53, '2022-10-25'),
(105, 720, 2, 2.04, '2024-07-23'),
(106, 965, 2, 2.52, '2022-04-12'),
(107, 414, 5, 4.73, '2022-10-20'),
(108, 510, 3, 4.48, '2023-01-31'),
(109, 325, 4, 4.53, '2024-08-22'),
(110, 749, 4, 2.14, '2022-07-01'),
(111, 193, 10, 4.05, '2024-04-17'),
(112, 73, 9, 2.68, '2024-05-23'),
(113, 519, 6, 2.3, '2023-08-17'),
(114, 793, 4, 3.9, '2022-04-20'),
(115, 700, 1, 2.06, '2022-07-20'),
(116, 737, 7, 3.69, '2024-04-03'),
(117, 339, 3, 2.7, '2024-03-23'),
(118, 594, 1, 3.6, '2022-09-28'),
(119, 133, 5, 4.28, '2022-10-31'),
(120, 929, 1, 3.04, '2023-03-25'),
(121, 954, 2, 4.98, '2023-05-06'),
(122, 162, 6, 2.26, '2022-01-13'),
(123, 509, 6, 4.66, '2023-06-05'),
(124, 466, 7, 3.15, '2023-12-26'),
(125, 681, 6, 4.07, '2023-07-21'),
(126, 623, 2, 3.93, '2023-02-17'),
(127, 840, 4, 3.35, '2024-02-05'),
(128, 439, 10, 3.53, '2024-04-29'),
(129, 896, 3, 2.98, '2023-01-07'),
(130, 459, 3, 3.35, '2023-11-02'),
(131, 707, 6, 2.67, '2024-05-31'),
(132, 929, 10, 2.74, '2024-05-04'),
(133, 738, 1, 4.25, '2023-08-05'),
(134, 777, 8, 4.12, '2022-09-30'),
(135, 319, 2, 3.16, '2023-02-12'),
(136, 85, 3, 3.02, '2024-10-18'),
(137, 248, 8, 3.74, '2024-09-20'),
(138, 68, 4, 4.65, '2024-01-04'),
(139, 912, 1, 4.49, '2024-06-22'),
(140, 972, 7, 3.69, '2022-08-23'),
(141, 356, 5, 3.28, '2024-06-05'),
(142, 581, 2, 2.81, '2024-02-13'),
(143, 508, 3, 3.63, '2022-12-22'),
(144, 181, 4, 3.43, '2022-09-08'),
(145, 458, 6, 4.59, '2022-12-06'),
(146, 289, 1, 3.76, '2024-07-25'),
(147, 121, 8, 3.17, '2022-11-06'),
(148, 960, 6, 3.48, '2023-11-13'),
(149, 894, 7, 2.65, '2024-12-20'),
(150, 155, 5, 4.8, '2024-06-14'),
(151, 288, 3, 2.25, '2022-09-16'),
(152, 897, 7, 3.58, '2024-05-25'),
(153, 902, 8, 3.85, '2024-06-06'),
(154, 488, 9, 4.64, '2024-02-06'),
(155, 677, 10, 2.53, '2024-11-06'),
(156, 445, 8, 4.58, '2022-12-31'),
(157, 502, 1, 4.86, '2022-11-25'),
(158, 787, 2, 2.08, '2022-02-28'),
(159, 345, 9, 2.84, '2023-06-14'),
(160, 562, 5, 4.35, '2023-02-23'),
(161, 619, 6, 3.37, '2023-07-21'),
(162, 333, 6, 3.3, '2023-08-22'),
(163, 891, 8, 4.89, '2023-04-25'),
(164, 317, 10, 4.27, '2022-12-16'),
(165, 225, 4, 4.22, '2024-01-25'),
(166, 853, 2, 4.99, '2024-06-21'),
(167, 135, 5, 3.07, '2022-10-06'),
(168, 300, 1, 2.17, '2022-09-10'),
(169, 842, 10, 4.05, '2024-05-12'),
(170, 692, 2, 2.35, '2024-12-15'),
(171, 221, 4, 4.78, '2024-10-07'),
(172, 44, 4, 3.4, '2024-06-07'),
(173, 282, 8, 3.66, '2023-07-21'),
(174, 473, 1, 3.36, '2024-05-03'),
(175, 336, 8, 2.05, '2023-08-28'),
(176, 440, 10, 3.78, '2022-07-31'),
(177, 314, 1, 2.14, '2024-03-04'),
(178, 457, 5, 2.69, '2024-02-01'),
(179, 758, 5, 3.08, '2022-08-09'),
(180, 182, 7, 4.95, '2023-10-08'),
(181, 38, 4, 2.84, '2022-11-18'),
(182, 953, 6, 4.56, '2022-03-05'),
(183, 35, 5, 3.76, '2023-07-14'),
(184, 297, 2, 3.72, '2022-07-22'),
(185, 396, 9, 2.49, '2024-08-29'),
(186, 790, 4, 2.47, '2023-03-22'),
(187, 985, 6, 2.46, '2022-04-02'),
(188, 187, 5, 4.21, '2022-07-15'),
(189, 812, 5, 3.62, '2024-11-01'),
(190, 184, 10, 4.86, '2023-08-21'),
(191, 362, 5, 2.73, '2022-11-29'),
(192, 389, 4, 4.61, '2023-06-24'),
(193, 570, 2, 3.12, '2022-11-21'),
(194, 986, 3, 2.24, '2024-09-14'),
(195, 385, 7, 3.83, '2023-08-22'),
(196, 778, 4, 2.12, '2023-03-18'),
(197, 113, 10, 4.5, '2023-09-11'),
(198, 270, 6, 3.84, '2024-04-23'),
(199, 407, 4, 2.24, '2022-09-02'),
(200, 314, 9, 2.82, '2023-01-27'),
(201, 230, 5, 4.57, '2022-08-24'),
(202, 337, 7, 4.94, '2024-08-29'),
(203, 217, 8, 3.9, '2023-07-20'),
(204, 349, 10, 3.57, '2024-12-12'),
(205, 577, 2, 3.27, '2024-03-30'),
(206, 903, 4, 2.14, '2023-12-20'),
(207, 988, 8, 4.08, '2023-12-31'),
(208, 308, 7, 2.78, '2022-02-05'),
(209, 146, 5, 4.45, '2024-10-30'),
(210, 563, 7, 2.63, '2022-10-29'),
(211, 640, 8, 2.48, '2024-07-04'),
(212, 16, 7, 3.26, '2022-05-14'),
(213, 601, 4, 2.38, '2022-05-08'),
(214, 330, 10, 3.68, '2024-10-27'),
(215, 223, 7, 4.19, '2022-04-25'),
(216, 590, 10, 3.21, '2022-01-09'),
(217, 504, 7, 3.85, '2024-03-12'),
(218, 370, 9, 2.14, '2024-10-06'),
(219, 203, 8, 2.67, '2023-03-22'),
(220, 224, 4, 3.36, '2022-06-15'),
(221, 101, 2, 3.06, '2023-11-26'),
(222, 91, 2, 2.3, '2024-08-11'),
(223, 328, 2, 3.17, '2023-12-07'),
(224, 244, 1, 3.53, '2024-08-13'),
(225, 938, 5, 2.8, '2023-04-21'),
(226, 470, 2, 2.75, '2024-10-19'),
(227, 546, 2, 2.45, '2024-09-06'),
(228, 117, 1, 2.8, '2022-10-17'),
(229, 725, 10, 2.09, '2022-03-05'),
(230, 761, 8, 3.3, '2022-12-05'),
(231, 493, 1, 4.45, '2022-04-11'),
(232, 953, 8, 4.73, '2024-04-15'),
(233, 945, 5, 4.49, '2024-06-09'),
(234, 679, 9, 2.26, '2023-04-12'),
(235, 36, 7, 2.23, '2022-09-15'),
(236, 800, 7, 4.07, '2023-02-15'),
(237, 509, 9, 2.02, '2024-04-14'),
(238, 258, 6, 3.07, '2022-01-04'),
(239, 368, 8, 4.37, '2023-12-05'),
(240, 411, 8, 3.68, '2023-02-11'),
(241, 568, 1, 2.98, '2024-12-03'),
(242, 825, 9, 3.35, '2024-05-14'),
(243, 365, 9, 3.19, '2022-10-06'),
(244, 217, 5, 2.66, '2022-03-12'),
(245, 253, 4, 3.41, '2023-09-20'),
(246, 64, 7, 4.7, '2024-06-15'),
(247, 564, 2, 4.52, '2023-03-23'),
(248, 97, 3, 2.59, '2024-03-12'),
(249, 975, 3, 2.08, '2024-07-01'),
(250, 666, 7, 3.73, '2022-08-13'),
(251, 145, 1, 4.28, '2022-10-09'),
(252, 1000, 1, 2.29, '2024-11-23'),
(253, 316, 1, 4.1, '2023-09-08'),
(254, 306, 4, 2.99, '2022-12-02'),
(255, 616, 5, 2.74, '2022-05-17'),
(256, 95, 9, 2.12, '2024-03-18'),
(257, 144, 6, 4.15, '2023-05-17'),
(258, 650, 2, 2.39, '2023-11-12'),
(259, 945, 1, 3.56, '2022-07-28'),
(260, 229, 6, 2.85, '2022-05-28'),
(261, 289, 7, 4.47, '2024-01-25'),
(262, 943, 9, 3.21, '2024-08-23'),
(263, 66, 3, 2.02, '2024-12-03'),
(264, 596, 5, 4.71, '2023-11-04'),
(265, 868, 1, 3.19, '2024-04-15'),
(266, 747, 8, 2.41, '2023-05-23'),
(267, 140, 4, 3.62, '2023-03-18'),
(268, 135, 9, 4.15, '2024-05-03'),
(269, 342, 6, 2.16, '2024-09-03'),
(270, 125, 10, 4.88, '2024-02-21'),
(271, 217, 2, 4.8, '2023-11-06'),
(272, 633, 8, 3.62, '2022-04-25'),
(273, 722, 9, 3.0, '2024-09-29'),
(274, 706, 7, 2.25, '2022-05-01'),
(275, 421, 3, 4.91, '2023-09-24'),
(276, 824, 9, 2.04, '2023-05-29'),
(277, 407, 10, 4.0, '2022-06-24'),
(278, 312, 4, 2.53, '2023-09-25'),
(279, 728, 2, 4.67, '2023-06-03'),
(280, 280, 6, 3.46, '2022-09-04'),
(281, 114, 1, 3.88, '2023-05-09'),
(282, 932, 2, 2.09, '2024-11-29'),
(283, 28, 7, 3.18, '2022-02-17'),
(284, 817, 7, 3.82, '2022-07-22'),
(285, 584, 2, 4.1, '2024-01-26'),
(286, 391, 10, 4.98, '2022-08-23'),
(287, 386, 10, 3.35, '2023-09-13'),
(288, 813, 6, 4.61, '2023-02-20'),
(289, 156, 2, 3.38, '2024-07-03'),
(290, 690, 9, 2.88, '2024-11-02'),
(291, 744, 7, 4.42, '2024-01-26'),
(292, 437, 8, 3.2, '2024-06-28'),
(293, 169, 7, 2.15, '2023-02-03'),
(294, 19, 4, 3.91, '2022-10-30'),
(295, 99, 5, 2.41, '2024-04-13'),
(296, 24, 10, 4.16, '2024-05-09'),
(297, 169, 9, 3.86, '2022-10-15'),
(298, 488, 1, 4.8, '2022-08-12'),
(299, 599, 1, 3.65, '2024-08-02'),
(300, 757, 4, 4.15, '2023-06-07'),
(301, 891, 2, 3.03, '2022-05-06'),
(302, 579, 4, 2.72, '2022-04-06'),
(303, 45, 6, 4.27, '2024-01-07'),
(304, 357, 3, 2.48, '2023-10-14'),
(305, 688, 8, 3.62, '2024-10-30'),
(306, 313, 9, 4.23, '2024-08-20'),
(307, 654, 6, 4.75, '2022-06-05'),
(308, 383, 3, 4.96, '2022-04-27'),
(309, 489, 7, 2.36, '2024-08-15'),
(310, 883, 4, 3.73, '2024-10-02'),
(311, 675, 2, 4.13, '2022-01-03'),
(312, 647, 4, 4.25, '2023-06-10'),
(313, 679, 5, 2.78, '2023-02-02'),
(314, 723, 3, 2.93, '2024-01-02'),
(315, 639, 7, 4.77, '2022-02-09'),
(316, 229, 1, 2.21, '2022-08-10'),
(317, 258, 7, 3.21, '2024-02-20'),
(318, 218, 5, 4.39, '2022-09-29'),
(319, 382, 4, 3.08, '2022-01-27'),
(320, 712, 3, 4.8, '2023-06-30'),
(321, 511, 3, 3.28, '2022-10-22'),
(322, 696, 9, 4.09, '2024-12-29'),
(323, 258, 10, 4.5, '2024-04-23'),
(324, 379, 5, 2.22, '2024-10-14'),
(325, 457, 3, 4.08, '2022-09-30'),
(326, 709, 8, 3.61, '2022-04-03'),
(327, 764, 8, 3.23, '2024-01-26'),
(328, 967, 3, 2.38, '2024-01-25'),
(329, 298, 7, 2.59, '2023-09-04'),
(330, 675, 10, 4.74, '2022-03-21'),
(331, 791, 3, 3.23, '2024-02-13'),
(332, 364, 1, 2.78, '2024-03-03'),
(333, 752, 10, 2.69, '2023-01-24'),
(334, 930, 4, 2.79, '2023-03-12'),
(335, 697, 8, 2.28, '2022-04-06'),
(336, 828, 8, 4.69, '2024-07-02'),
(337, 747, 5, 2.91, '2024-11-26'),
(338, 645, 3, 3.97, '2022-08-15'),
(339, 296, 1, 4.94, '2023-06-12'),
(340, 327, 6, 4.49, '2024-11-04'),
(341, 522, 2, 2.28, '2024-12-29'),
(342, 28, 1, 3.36, '2023-05-25'),
(343, 725, 5, 2.55, '2024-05-06'),
(344, 173, 3, 2.53, '2022-02-10'),
(345, 133, 3, 4.36, '2023-04-07'),
(346, 676, 7, 3.48, '2024-10-20'),
(347, 524, 8, 2.64, '2022-08-03'),
(348, 89, 6, 4.68, '2022-10-27'),
(349, 457, 5, 3.42, '2023-04-02'),
(350, 555, 2, 2.53, '2022-02-03'),
(351, 788, 5, 2.96, '2023-05-27'),
(352, 323, 9, 3.81, '2024-02-21'),
(353, 380, 10, 2.11, '2024-12-26'),
(354, 621, 5, 3.69, '2024-08-29'),
(355, 810, 6, 2.12, '2023-04-23'),
(356, 359, 7, 4.76, '2023-11-23'),
(357, 62, 4, 3.11, '2022-12-18'),
(358, 581, 5, 4.75, '2024-07-25'),
(359, 239, 2, 3.04, '2024-12-14'),
(360, 538, 6, 3.0, '2024-01-26'),
(361, 497, 8, 4.98, '2024-01-10'),
(362, 907, 7, 2.09, '2022-01-26'),
(363, 691, 5, 4.84, '2024-07-18'),
(364, 387, 6, 2.5, '2023-12-27'),
(365, 576, 7, 4.5, '2022-04-24'),
(366, 712, 4, 4.44, '2023-11-15'),
(367, 114, 6, 3.2, '2024-11-16'),
(368, 299, 3, 4.12, '2022-05-04'),
(369, 229, 5, 2.62, '2024-12-01'),
(370, 5, 5, 2.71, '2022-08-30'),
(371, 427, 8, 2.34, '2024-10-12'),
(372, 636, 5, 4.69, '2023-12-31'),
(373, 572, 8, 2.83, '2022-04-08'),
(374, 840, 4, 3.43, '2024-05-09'),
(375, 437, 6, 4.2, '2022-06-02'),
(376, 115, 10, 2.8, '2023-03-09'),
(377, 817, 7, 4.21, '2024-04-08'),
(378, 410, 8, 2.22, '2023-04-27'),
(379, 655, 7, 4.18, '2024-03-21'),
(380, 71, 3, 2.45, '2022-05-16'),
(381, 314, 4, 3.67, '2023-11-29'),
(382, 122, 2, 3.03, '2024-05-22'),
(383, 949, 8, 2.89, '2022-09-28'),
(384, 735, 4, 4.51, '2023-02-13'),
(385, 628, 4, 2.14, '2022-01-21'),
(386, 149, 1, 3.42, '2022-12-02'),
(387, 954, 4, 4.26, '2023-03-14'),
(388, 61, 5, 2.43, '2024-01-07'),
(389, 525, 9, 4.5, '2024-09-18'),
(390, 442, 5, 4.12, '2023-04-27'),
(391, 818, 8, 2.65, '2024-04-29'),
(392, 894, 10, 4.3, '2024-07-20'),
(393, 174, 1, 2.61, '2022-11-30'),
(394, 402, 1, 4.1, '2024-07-09'),
(395, 896, 2, 3.53, '2023-08-25'),
(396, 131, 9, 3.97, '2022-07-03'),
(397, 970, 2, 4.25, '2022-12-05'),
(398, 662, 9, 4.95, '2023-03-25'),
(399, 545, 6, 2.96, '2022-02-25'),
(400, 881, 7, 3.03, '2022-02-18'),
(401, 176, 1, 4.72, '2022-10-04'),
(402, 496, 8, 3.96, '2024-01-12'),
(403, 944, 7, 2.62, '2024-05-29'),
(404, 808, 4, 4.79, '2024-09-22'),
(405, 94, 4, 2.37, '2022-08-21'),
(406, 433, 2, 4.55, '2023-10-21'),
(407, 572, 5, 3.15, '2024-01-18'),
(408, 649, 5, 3.91, '2023-07-07'),
(409, 357, 10, 4.45, '2024-02-06'),
(410, 478, 4, 3.33, '2023-10-22'),
(411, 588, 5, 4.2, '2022-12-26'),
(412, 266, 1, 4.42, '2023-11-23'),
(413, 27, 10, 3.21, '2024-10-20'),
(414, 682, 9, 2.01, '2022-01-07'),
(415, 770, 8, 4.16, '2024-08-10'),
(416, 189, 10, 4.41, '2023-08-08'),
(417, 12, 9, 3.25, '2023-02-02'),
(418, 683, 8, 2.54, '2023-10-28'),
(419, 114, 5, 4.03, '2022-03-06'),
(420, 498, 5, 4.36, '2022-01-19'),
(421, 7, 1, 3.8, '2023-03-19'),
(422, 47, 3, 3.41, '2023-02-10'),
(423, 2, 7, 3.66, '2023-05-15'),
(424, 295, 1, 2.13, '2022-01-05'),
(425, 973, 3, 3.74, '2024-05-16'),
(426, 760, 8, 2.08, '2024-01-26'),
(427, 277, 4, 3.07, '2023-04-16'),
(428, 608, 9, 2.86, '2022-07-26'),
(429, 561, 3, 3.34, '2024-02-17'),
(430, 624, 7, 2.54, '2023-09-01'),
(431, 480, 7, 3.91, '2023-01-25'),
(432, 671, 6, 4.98, '2024-11-03'),
(433, 371, 8, 3.19, '2022-03-18'),
(434, 578, 2, 2.46, '2022-11-11'),
(435, 260, 2, 4.55, '2024-05-28'),
(436, 78, 4, 3.03, '2024-05-01'),
(437, 852, 10, 4.9, '2023-06-17'),
(438, 888, 3, 4.72, '2023-11-25'),
(439, 614, 6, 4.18, '2023-02-16'),
(440, 619, 3, 2.95, '2023-06-03'),
(441, 378, 7, 2.93, '2022-05-02'),
(442, 545, 2, 3.91, '2022-06-14'),
(443, 953, 4, 4.79, '2023-04-03'),
(444, 900, 7, 4.19, '2022-10-09'),
(445, 640, 9, 4.49, '2022-11-09'),
(446, 252, 7, 3.53, '2024-04-28'),
(447, 877, 10, 2.38, '2022-06-27'),
(448, 785, 6, 3.37, '2022-10-02'),
(449, 770, 6, 4.2, '2024-08-28'),
(450, 161, 4, 2.25, '2024-05-17'),
(451, 527, 5, 2.09, '2024-11-22'),
(452, 652, 10, 4.13, '2024-10-05'),
(453, 761, 4, 2.71, '2022-02-16'),
(454, 203, 3, 4.12, '2024-10-04'),
(455, 277, 10, 2.6, '2022-08-15'),
(456, 298, 9, 3.68, '2024-04-10'),
(457, 26, 8, 4.2, '2022-03-11'),
(458, 75, 2, 4.04, '2024-03-13'),
(459, 534, 5, 2.16, '2023-01-13'),
(460, 814, 10, 3.9, '2022-07-25'),
(461, 209, 4, 2.11, '2024-09-19'),
(462, 631, 9, 2.18, '2022-03-30'),
(463, 188, 3, 2.66, '2024-03-14'),
(464, 918, 1, 3.05, '2022-04-11'),
(465, 686, 1, 2.12, '2023-03-01'),
(466, 708, 10, 4.2, '2022-07-05'),
(467, 381, 1, 4.46, '2022-02-06'),
(468, 813, 5, 2.9, '2022-01-03'),
(469, 283, 8, 4.85, '2023-06-24'),
(470, 897, 4, 2.14, '2022-11-04'),
(471, 347, 7, 4.01, '2023-07-22'),
(472, 435, 4, 4.78, '2022-09-21'),
(473, 830, 1, 2.36, '2023-06-22'),
(474, 698, 1, 4.92, '2024-02-25'),
(475, 553, 6, 2.11, '2023-12-13'),
(476, 392, 6, 3.75, '2022-11-22'),
(477, 233, 9, 2.9, '2023-11-09'),
(478, 412, 6, 3.63, '2023-06-08'),
(479, 921, 4, 2.85, '2024-08-27'),
(480, 261, 8, 2.2, '2022-04-21'),
(481, 55, 3, 4.42, '2024-04-16'),
(482, 214, 9, 2.78, '2022-05-20'),
(483, 956, 6, 5.0, '2022-05-28'),
(484, 26, 5, 3.99, '2024-04-30'),
(485, 991, 5, 4.95, '2023-09-04'),
(486, 321, 5, 3.3, '2022-11-24'),
(487, 540, 6, 4.39, '2022-01-20'),
(488, 644, 2, 3.29, '2023-03-06'),
(489, 499, 10, 2.06, '2024-11-08'),
(490, 441, 9, 4.46, '2022-10-16'),
(491, 3, 3, 2.27, '2024-01-16'),
(492, 389, 6, 4.49, '2024-02-28'),
(493, 107, 6, 3.9, '2023-01-30'),
(494, 639, 9, 2.24, '2022-03-13'),
(495, 656, 1, 3.98, '2024-11-11'),
(496, 583, 6, 4.38, '2022-12-12'),
(497, 827, 4, 3.85, '2024-01-06'),
(498, 424, 4, 3.01, '2022-02-13'),
(499, 671, 8, 2.19, '2023-06-29'),
(500, 567, 1, 4.77, '2022-11-05'),
(501, 724, 10, 3.05, '2023-05-22'),
(502, 378, 3, 4.6, '2022-11-25'),
(503, 400, 10, 2.58, '2023-09-05'),
(504, 761, 10, 2.88, '2024-01-09'),
(505, 258, 1, 3.13, '2023-08-08'),
(506, 70, 5, 3.15, '2023-06-15'),
(507, 724, 5, 4.32, '2022-10-25'),
(508, 196, 3, 3.06, '2024-07-02'),
(509, 490, 9, 2.14, '2024-12-29'),
(510, 937, 5, 2.75, '2023-08-29'),
(511, 722, 1, 2.68, '2023-12-16'),
(512, 957, 1, 3.28, '2022-08-16'),
(513, 832, 4, 3.54, '2023-08-08'),
(514, 77, 10, 2.47, '2022-09-25'),
(515, 724, 4, 3.95, '2022-12-06'),
(516, 577, 10, 3.08, '2023-08-13'),
(517, 689, 3, 3.04, '2024-08-24'),
(518, 916, 2, 4.06, '2024-11-24'),
(519, 369, 5, 3.26, '2023-02-22'),
(520, 45, 9, 4.23, '2022-03-15'),
(521, 368, 8, 3.33, '2023-07-08'),
(522, 522, 4, 3.61, '2022-12-12'),
(523, 860, 2, 4.53, '2022-10-31'),
(524, 396, 7, 3.87, '2023-10-21'),
(525, 317, 10, 2.15, '2023-10-31'),
(526, 298, 6, 4.3, '2022-09-16'),
(527, 758, 2, 2.85, '2024-03-08'),
(528, 421, 8, 2.08, '2023-01-11'),
(529, 653, 5, 2.88, '2024-12-15'),
(530, 495, 5, 2.94, '2022-07-22'),
(531, 486, 6, 2.65, '2024-04-18'),
(532, 392, 6, 2.78, '2024-10-15'),
(533, 550, 8, 2.45, '2023-02-21'),
(534, 336, 5, 2.76, '2023-01-21'),
(535, 106, 9, 4.76, '2022-11-08'),
(536, 359, 5, 4.16, '2022-06-03'),
(537, 834, 5, 3.02, '2024-02-16'),
(538, 388, 10, 2.44, '2024-09-24'),
(539, 41, 6, 4.27, '2024-11-23'),
(540, 276, 2, 2.13, '2023-12-26'),
(541, 722, 5, 4.54, '2022-05-02'),
(542, 711, 5, 2.86, '2022-04-04'),
(543, 610, 3, 3.92, '2024-04-26'),
(544, 909, 3, 4.5, '2023-04-11'),
(545, 54, 1, 3.27, '2024-08-11'),
(546, 467, 6, 4.03, '2022-12-14'),
(547, 809, 6, 2.03, '2023-09-15'),
(548, 46, 10, 3.54, '2023-05-27'),
(549, 969, 7, 2.76, '2023-12-05'),
(550, 417, 2, 2.61, '2022-04-10'),
(551, 38, 9, 4.96, '2023-05-02'),
(552, 709, 6, 2.7, '2023-04-04'),
(553, 816, 8, 3.18, '2023-04-09'),
(554, 406, 10, 3.62, '2024-12-05'),
(555, 197, 5, 4.88, '2022-11-12'),
(556, 71, 2, 4.57, '2024-12-03'),
(557, 136, 10, 4.25, '2024-11-05'),
(558, 361, 10, 4.22, '2022-12-29'),
(559, 475, 7, 2.48, '2023-04-10'),
(560, 696, 10, 2.1, '2022-08-27'),
(561, 962, 9, 2.1, '2023-01-02'),
(562, 624, 1, 3.52, '2024-05-09'),
(563, 496, 6, 4.25, '2022-06-23'),
(564, 322, 4, 3.56, '2023-06-25'),
(565, 974, 4, 2.65, '2024-10-11'),
(566, 926, 5, 3.55, '2023-07-16'),
(567, 38, 2, 4.87, '2024-06-30'),
(568, 839, 10, 4.87, '2022-10-09'),
(569, 732, 4, 4.88, '2024-09-09'),
(570, 80, 7, 2.96, '2024-12-12'),
(571, 197, 6, 2.05, '2024-07-20'),
(572, 169, 6, 3.65, '2023-03-24'),
(573, 954, 9, 3.65, '2023-07-14'),
(574, 491, 2, 4.77, '2024-10-12'),
(575, 89, 9, 3.63, '2024-10-22'),
(576, 662, 1, 4.01, '2022-07-19'),
(577, 258, 7, 3.59, '2024-12-20'),
(578, 405, 9, 3.53, '2024-02-04'),
(579, 487, 9, 3.96, '2022-07-07'),
(580, 82, 3, 2.13, '2024-05-19'),
(581, 292, 9, 4.26, '2024-03-09'),
(582, 328, 8, 4.91, '2023-10-11'),
(583, 40, 2, 3.02, '2024-06-25'),
(584, 895, 8, 3.67, '2024-10-03'),
(585, 238, 5, 4.3, '2024-10-17'),
(586, 89, 2, 3.49, '2022-09-23'),
(587, 806, 1, 2.46, '2022-02-07'),
(588, 904, 1, 3.19, '2023-02-24'),
(589, 89, 7, 2.92, '2022-01-18'),
(590, 731, 2, 2.4, '2022-03-05'),
(591, 229, 5, 3.38, '2023-03-03'),
(592, 622, 3, 4.28, '2023-05-26'),
(593, 794, 8, 4.54, '2023-10-25'),
(594, 328, 3, 3.86, '2023-01-27'),
(595, 465, 2, 3.4, '2023-10-19'),
(596, 526, 7, 3.47, '2024-10-03'),
(597, 412, 9, 2.98, '2022-07-13'),
(598, 554, 6, 3.3, '2022-09-08'),
(599, 128, 3, 2.18, '2023-03-31'),
(600, 359, 10, 3.93, '2024-09-24'),
(601, 778, 10, 3.28, '2022-03-04'),
(602, 5, 8, 2.52, '2024-02-26'),
(603, 969, 2, 3.93, '2022-07-08'),
(604, 933, 1, 2.89, '2022-08-19'),
(605, 536, 4, 3.82, '2024-05-17'),
(606, 77, 1, 2.61, '2022-12-20'),
(607, 384, 6, 2.88, '2022-02-08'),
(608, 525, 4, 3.26, '2022-07-28'),
(609, 531, 5, 3.72, '2024-08-07'),
(610, 21, 4, 2.21, '2024-07-18'),
(611, 856, 8, 3.52, '2022-04-30'),
(612, 155, 3, 3.78, '2022-02-09'),
(613, 301, 7, 2.44, '2023-06-18'),
(614, 263, 5, 4.01, '2024-10-24'),
(615, 181, 1, 3.27, '2023-02-28'),
(616, 15, 10, 2.68, '2022-05-05'),
(617, 183, 1, 2.45, '2023-11-06'),
(618, 540, 10, 4.28, '2024-08-13'),
(619, 408, 9, 4.39, '2024-07-19'),
(620, 643, 10, 2.47, '2023-03-30'),
(621, 440, 5, 2.62, '2023-03-25'),
(622, 793, 2, 3.21, '2023-01-30'),
(623, 571, 7, 2.53, '2024-07-14'),
(624, 553, 5, 3.16, '2023-10-04'),
(625, 189, 1, 2.17, '2022-09-11'),
(626, 597, 1, 3.26, '2023-12-23'),
(627, 439, 4, 2.59, '2022-07-30'),
(628, 268, 8, 2.38, '2022-10-27'),
(629, 590, 8, 4.77, '2023-11-26'),
(630, 594, 8, 4.34, '2023-06-28'),
(631, 389, 6, 3.39, '2022-03-19'),
(632, 361, 7, 2.39, '2024-04-12'),
(633, 934, 9, 3.43, '2024-01-30'),
(634, 358, 3, 3.56, '2022-06-06'),
(635, 461, 4, 3.13, '2022-02-15'),
(636, 321, 9, 4.51, '2024-06-03'),
(637, 297, 3, 3.01, '2023-11-10'),
(638, 778, 5, 3.3, '2022-05-12'),
(639, 454, 8, 4.52, '2024-11-22'),
(640, 679, 5, 2.81, '2023-03-04'),
(641, 352, 5, 3.13, '2024-01-28'),
(642, 566, 9, 4.23, '2023-04-30'),
(643, 124, 3, 3.58, '2022-05-14'),
(644, 684, 4, 4.91, '2022-06-16'),
(645, 566, 2, 4.81, '2024-01-07'),
(646, 329, 5, 2.2, '2024-03-22'),
(647, 882, 4, 2.84, '2022-03-15'),
(648, 781, 7, 4.63, '2023-04-18'),
(649, 755, 3, 3.38, '2023-02-24'),
(650, 392, 8, 3.15, '2023-01-01'),
(651, 395, 5, 4.08, '2022-03-27'),
(652, 999, 5, 2.16, '2023-11-03'),
(653, 509, 8, 2.85, '2023-03-15'),
(654, 805, 2, 3.38, '2023-10-06'),
(655, 123, 2, 2.4, '2022-07-09'),
(656, 538, 2, 3.88, '2024-02-27'),
(657, 842, 1, 3.18, '2023-04-18'),
(658, 226, 4, 4.89, '2023-04-11'),
(659, 547, 8, 4.24, '2024-12-31'),
(660, 389, 10, 4.59, '2024-05-27'),
(661, 605, 9, 2.02, '2023-07-03'),
(662, 105, 2, 4.45, '2023-02-20'),
(663, 128, 4, 2.77, '2022-06-27'),
(664, 7, 7, 4.47, '2022-03-28'),
(665, 693, 2, 3.26, '2023-02-23'),
(666, 672, 1, 2.7, '2024-08-17'),
(667, 222, 9, 2.68, '2023-09-12'),
(668, 133, 9, 4.64, '2024-12-28'),
(669, 655, 2, 2.62, '2022-04-19'),
(670, 707, 8, 4.98, '2023-08-07'),
(671, 483, 9, 2.18, '2023-04-12'),
(672, 260, 1, 4.3, '2024-05-25'),
(673, 248, 2, 4.34, '2023-08-24'),
(674, 372, 3, 2.6, '2023-05-23'),
(675, 725, 2, 3.26, '2022-01-11'),
(676, 417, 10, 3.61, '2024-01-04'),
(677, 237, 3, 3.16, '2024-10-01'),
(678, 840, 9, 3.67, '2022-02-07'),
(679, 756, 10, 4.71, '2023-11-18'),
(680, 699, 9, 3.82, '2024-03-20'),
(681, 244, 8, 2.78, '2022-03-13'),
(682, 704, 7, 3.82, '2024-05-22'),
(683, 853, 7, 3.31, '2022-07-26'),
(684, 768, 10, 4.44, '2024-12-20'),
(685, 581, 10, 3.17, '2024-12-11'),
(686, 999, 3, 3.51, '2022-03-19'),
(687, 356, 7, 2.09, '2024-09-22'),
(688, 563, 6, 4.71, '2023-01-16'),
(689, 325, 5, 4.9, '2023-08-02'),
(690, 625, 8, 4.39, '2023-03-26'),
(691, 820, 10, 4.34, '2024-08-07'),
(692, 309, 7, 2.41, '2022-07-15'),
(693, 352, 4, 2.96, '2024-03-08'),
(694, 22, 4, 4.23, '2022-06-17'),
(695, 851, 1, 4.56, '2022-02-06'),
(696, 571, 10, 4.29, '2022-10-04'),
(697, 850, 5, 3.98, '2022-12-05'),
(698, 776, 4, 3.56, '2022-09-01'),
(699, 435, 3, 3.1, '2023-10-16'),
(700, 286, 3, 2.39, '2024-06-11'),
(701, 348, 1, 3.38, '2022-09-10'),
(702, 538, 1, 3.7, '2023-11-06'),
(703, 761, 9, 4.52, '2024-09-06'),
(704, 651, 3, 2.61, '2024-12-27'),
(705, 326, 8, 4.69, '2022-10-22'),
(706, 961, 2, 3.13, '2022-04-11'),
(707, 550, 6, 4.2, '2023-09-10'),
(708, 375, 8, 3.27, '2024-11-06'),
(709, 323, 3, 2.68, '2022-08-17'),
(710, 876, 3, 4.15, '2024-09-18'),
(711, 632, 9, 4.12, '2023-01-14'),
(712, 634, 8, 2.0, '2024-09-15'),
(713, 459, 9, 3.68, '2022-05-12'),
(714, 483, 8, 3.99, '2022-11-24'),
(715, 220, 5, 3.81, '2024-07-25'),
(716, 941, 10, 4.18, '2023-06-21'),
(717, 383, 9, 4.91, '2022-11-09'),
(718, 631, 7, 3.93, '2024-06-13'),
(719, 116, 4, 3.76, '2023-10-22'),
(720, 513, 4, 2.24, '2023-07-27'),
(721, 53, 6, 3.65, '2024-10-14'),
(722, 370, 9, 2.28, '2022-03-15'),
(723, 566, 7, 3.63, '2022-09-24'),
(724, 468, 3, 4.89, '2023-05-24'),
(725, 838, 8, 4.35, '2022-12-31'),
(726, 526, 9, 2.48, '2022-11-22'),
(727, 403, 5, 2.56, '2023-03-22'),
(728, 68, 4, 2.05, '2024-09-24'),
(729, 93, 3, 4.7, '2022-01-11'),
(730, 44, 9, 3.53, '2024-08-08'),
(731, 18, 10, 4.34, '2024-12-18'),
(732, 44, 2, 2.75, '2022-12-19'),
(733, 600, 10, 3.41, '2024-02-27'),
(734, 445, 6, 4.75, '2023-01-29'),
(735, 329, 2, 2.56, '2024-02-21'),
(736, 663, 6, 4.76, '2023-10-27'),
(737, 275, 10, 2.71, '2024-07-28'),
(738, 106, 10, 4.69, '2024-12-07'),
(739, 315, 2, 2.48, '2022-09-07'),
(740, 999, 1, 3.43, '2024-01-16'),
(741, 147, 2, 3.79, '2023-07-12'),
(742, 101, 4, 4.43, '2023-04-08'),
(743, 27, 5, 3.94, '2024-07-12'),
(744, 842, 10, 2.75, '2023-06-03'),
(745, 151, 10, 4.32, '2023-05-26'),
(746, 637, 9, 4.72, '2022-11-26'),
(747, 85, 7, 4.46, '2023-04-25'),
(748, 169, 8, 3.16, '2023-10-01'),
(749, 995, 9, 4.45, '2023-03-07'),
(750, 441, 7, 4.77, '2024-08-18'),
(751, 110, 5, 3.9, '2022-07-28'),
(752, 579, 5, 2.23, '2023-09-10'),
(753, 800, 9, 4.48, '2022-03-07'),
(754, 984, 4, 4.52, '2023-03-17'),
(755, 901, 10, 2.93, '2023-02-18'),
(756, 957, 6, 2.83, '2023-07-08'),
(757, 454, 1, 2.48, '2022-07-10'),
(758, 513, 8, 2.01, '2022-05-11'),
(759, 443, 1, 4.35, '2023-11-15'),
(760, 92, 3, 4.2, '2022-11-10'),
(761, 483, 7, 4.58, '2023-06-10'),
(762, 641, 6, 4.91, '2024-09-07'),
(763, 379, 7, 3.33, '2023-08-06'),
(764, 202, 2, 3.56, '2024-01-17'),
(765, 95, 7, 3.31, '2022-08-30'),
(766, 231, 10, 4.93, '2022-09-16'),
(767, 699, 10, 3.83, '2022-03-02'),
(768, 944, 7, 2.57, '2023-05-15'),
(769, 591, 2, 3.29, '2024-05-17'),
(770, 52, 7, 4.69, '2024-09-05'),
(771, 498, 9, 4.56, '2022-10-02'),
(772, 950, 10, 3.65, '2024-12-18'),
(773, 978, 5, 2.55, '2023-05-30'),
(774, 360, 2, 4.37, '2023-09-16'),
(775, 138, 6, 4.23, '2024-08-24'),
(776, 949, 3, 2.44, '2024-05-07'),
(777, 668, 3, 3.42, '2024-03-29'),
(778, 141, 5, 2.79, '2022-02-20'),
(779, 822, 9, 3.93, '2024-11-23'),
(780, 242, 9, 4.18, '2024-05-17'),
(781, 302, 4, 2.66, '2023-04-30'),
(782, 532, 3, 3.25, '2023-01-14'),
(783, 289, 5, 2.28, '2022-05-26'),
(784, 823, 4, 4.37, '2024-06-18'),
(785, 62, 1, 2.59, '2023-09-08'),
(786, 803, 8, 2.75, '2024-11-27'),
(787, 484, 6, 4.49, '2022-12-14'),
(788, 629, 8, 3.83, '2022-12-15'),
(789, 794, 2, 4.96, '2022-09-05'),
(790, 365, 9, 2.6, '2022-04-20'),
(791, 736, 2, 2.46, '2022-11-29'),
(792, 813, 7, 4.24, '2022-10-20'),
(793, 878, 10, 2.03, '2023-02-16'),
(794, 709, 9, 2.7, '2022-02-13'),
(795, 496, 2, 2.56, '2024-03-10'),
(796, 188, 9, 3.0, '2022-01-14'),
(797, 807, 6, 4.87, '2024-10-27'),
(798, 516, 6, 3.35, '2024-04-25'),
(799, 994, 7, 2.46, '2023-06-23'),
(800, 929, 2, 2.69, '2022-08-16'),
(801, 530, 3, 2.97, '2024-01-25'),
(802, 407, 9, 3.43, '2024-05-01'),
(803, 357, 1, 3.54, '2024-04-30'),
(804, 389, 9, 2.45, '2024-03-03'),
(805, 260, 8, 2.16, '2023-11-23'),
(806, 938, 2, 3.3, '2024-08-27'),
(807, 812, 9, 4.69, '2023-12-08'),
(808, 384, 6, 2.93, '2024-06-10'),
(809, 307, 2, 2.12, '2023-11-09'),
(810, 717, 2, 2.31, '2023-02-02'),
(811, 668, 10, 4.1, '2023-08-31'),
(812, 998, 10, 2.19, '2022-07-26'),
(813, 849, 7, 4.86, '2022-09-18'),
(814, 70, 6, 2.74, '2023-06-07'),
(815, 707, 4, 2.08, '2023-04-23'),
(816, 61, 3, 4.55, '2024-03-05'),
(817, 898, 8, 3.36, '2022-04-11'),
(818, 546, 10, 3.62, '2022-03-04'),
(819, 808, 7, 3.34, '2024-01-27'),
(820, 898, 3, 4.08, '2023-12-16'),
(821, 192, 1, 4.16, '2023-03-19'),
(822, 379, 2, 4.9, '2024-01-06'),
(823, 9, 3, 4.91, '2023-01-12'),
(824, 464, 8, 2.83, '2023-04-11'),
(825, 630, 2, 2.15, '2022-01-21'),
(826, 177, 6, 3.35, '2023-04-23'),
(827, 951, 1, 2.87, '2022-01-16'),
(828, 257, 5, 3.34, '2022-03-05'),
(829, 627, 7, 2.15, '2024-11-14'),
(830, 956, 6, 2.86, '2022-06-22'),
(831, 876, 7, 3.86, '2024-11-14'),
(832, 945, 9, 3.54, '2023-06-06'),
(833, 569, 7, 3.4, '2024-02-11'),
(834, 992, 1, 4.51, '2023-04-25'),
(835, 648, 4, 4.94, '2022-05-16'),
(836, 840, 5, 4.67, '2023-12-05'),
(837, 498, 5, 3.41, '2023-05-08'),
(838, 554, 8, 4.91, '2024-06-03'),
(839, 436, 2, 4.29, '2024-07-30'),
(840, 404, 8, 3.48, '2023-12-01'),
(841, 711, 4, 3.76, '2023-03-23'),
(842, 701, 10, 2.41, '2023-07-21'),
(843, 3, 4, 2.37, '2022-05-09'),
(844, 594, 6, 4.12, '2024-07-03'),
(845, 535, 8, 2.84, '2024-08-24'),
(846, 346, 10, 4.63, '2022-10-05'),
(847, 434, 4, 4.78, '2023-03-06'),
(848, 330, 1, 4.66, '2023-01-17'),
(849, 877, 7, 4.36, '2024-06-04'),
(850, 305, 8, 3.96, '2022-11-09'),
(851, 470, 10, 3.45, '2022-05-08'),
(852, 413, 4, 3.51, '2023-05-29'),
(853, 151, 9, 4.67, '2024-12-28'),
(854, 963, 6, 2.98, '2022-10-03'),
(855, 744, 4, 2.77, '2023-09-28'),
(856, 818, 10, 2.08, '2024-01-20'),
(857, 32, 1, 3.69, '2024-08-26'),
(858, 599, 4, 4.53, '2024-07-30'),
(859, 975, 10, 2.6, '2024-12-11'),
(860, 178, 8, 2.18, '2024-08-27'),
(861, 247, 7, 4.19, '2024-08-28'),
(862, 458, 10, 4.35, '2022-02-06'),
(863, 489, 8, 2.7, '2023-11-23'),
(864, 124, 6, 3.31, '2023-09-22'),
(865, 807, 6, 4.62, '2023-07-03'),
(866, 237, 10, 3.61, '2024-08-30'),
(867, 898, 4, 3.79, '2023-05-18'),
(868, 367, 4, 3.94, '2024-05-25'),
(869, 901, 8, 2.74, '2022-05-07'),
(870, 778, 4, 3.7, '2024-01-27'),
(871, 826, 3, 3.94, '2022-10-25'),
(872, 837, 8, 2.34, '2024-09-04'),
(873, 213, 3, 2.72, '2022-05-01'),
(874, 745, 4, 2.2, '2024-12-13'),
(875, 438, 7, 4.11, '2023-05-22'),
(876, 34, 10, 3.13, '2024-04-17'),
(877, 395, 8, 3.58, '2024-03-21'),
(878, 830, 10, 3.9, '2024-12-15'),
(879, 164, 3, 4.71, '2023-12-11'),
(880, 879, 5, 3.09, '2022-09-03'),
(881, 283, 1, 2.62, '2023-03-13'),
(882, 910, 3, 4.32, '2023-04-18'),
(883, 474, 3, 3.74, '2024-10-07'),
(884, 2, 7, 3.88, '2023-12-08'),
(885, 593, 8, 4.8, '2024-03-05'),
(886, 363, 5, 2.98, '2024-06-30'),
(887, 431, 6, 3.42, '2022-12-17'),
(888, 651, 7, 2.27, '2024-07-16'),
(889, 281, 9, 3.25, '2024-11-30'),
(890, 323, 10, 3.67, '2022-07-29'),
(891, 971, 10, 2.97, '2024-11-23'),
(892, 887, 4, 2.94, '2023-04-01'),
(893, 48, 2, 3.66, '2024-04-18'),
(894, 731, 7, 3.85, '2022-04-30'),
(895, 331, 6, 4.45, '2024-07-23'),
(896, 859, 6, 4.74, '2023-01-08'),
(897, 920, 10, 2.71, '2022-10-14'),
(898, 961, 8, 2.14, '2024-06-09'),
(899, 638, 10, 2.78, '2022-10-07'),
(900, 995, 9, 2.19, '2023-10-23'),
(901, 974, 5, 2.42, '2024-10-06'),
(902, 99, 3, 4.74, '2023-04-21'),
(903, 231, 2, 3.28, '2024-12-20'),
(904, 625, 1, 3.27, '2023-07-26'),
(905, 531, 10, 3.7, '2023-12-03'),
(906, 944, 2, 2.85, '2023-06-22'),
(907, 493, 5, 2.95, '2024-12-28'),
(908, 27, 5, 2.37, '2023-05-13'),
(909, 327, 6, 2.17, '2023-05-29'),
(910, 517, 10, 3.47, '2023-03-10'),
(911, 248, 6, 4.83, '2023-02-10'),
(912, 386, 1, 4.96, '2023-12-12'),
(913, 660, 2, 4.0, '2024-05-13'),
(914, 64, 1, 4.08, '2022-12-10'),
(915, 322, 7, 3.95, '2023-11-30'),
(916, 688, 10, 3.86, '2024-07-14'),
(917, 772, 6, 3.78, '2022-04-24'),
(918, 900, 6, 4.96, '2023-11-25'),
(919, 426, 10, 4.77, '2022-07-24'),
(920, 494, 1, 3.03, '2022-12-16'),
(921, 244, 8, 4.77, '2024-12-17'),
(922, 58, 2, 4.55, '2024-08-26'),
(923, 473, 3, 2.74, '2023-03-04'),
(924, 67, 8, 2.66, '2022-07-28'),
(925, 992, 3, 2.28, '2023-02-05'),
(926, 48, 9, 2.21, '2022-06-24'),
(927, 944, 5, 4.1, '2022-07-18'),
(928, 744, 3, 4.64, '2023-05-24'),
(929, 128, 9, 2.76, '2024-04-17'),
(930, 347, 7, 4.18, '2023-12-01'),
(931, 504, 7, 3.89, '2024-08-16'),
(932, 452, 3, 2.17, '2022-01-21'),
(933, 798, 4, 4.43, '2024-04-08'),
(934, 153, 2, 3.23, '2023-07-15'),
(935, 904, 7, 3.13, '2024-03-23'),
(936, 86, 1, 4.56, '2024-07-11'),
(937, 732, 4, 2.23, '2023-12-30'),
(938, 287, 5, 3.56, '2022-03-20'),
(939, 629, 1, 3.28, '2022-02-25'),
(940, 211, 6, 4.05, '2022-06-03'),
(941, 966, 1, 3.48, '2024-08-13'),
(942, 874, 7, 2.98, '2024-01-08'),
(943, 205, 6, 4.07, '2024-05-29'),
(944, 124, 6, 4.59, '2022-10-17'),
(945, 187, 9, 3.66, '2023-01-30'),
(946, 353, 9, 3.73, '2022-11-05'),
(947, 355, 4, 3.89, '2022-05-24'),
(948, 489, 7, 4.33, '2022-11-18'),
(949, 274, 4, 2.25, '2022-11-08'),
(950, 600, 7, 3.88, '2022-02-23'),
(951, 725, 10, 4.07, '2023-02-15'),
(952, 72, 8, 3.03, '2023-03-07'),
(953, 458, 6, 3.3, '2023-03-15'),
(954, 238, 9, 3.09, '2024-10-10'),
(955, 187, 6, 4.37, '2022-07-19'),
(956, 470, 9, 2.41, '2023-06-01'),
(957, 837, 7, 3.01, '2022-12-26'),
(958, 469, 7, 4.95, '2024-11-13'),
(959, 625, 1, 3.63, '2024-12-30'),
(960, 402, 6, 4.85, '2022-02-23'),
(961, 308, 10, 4.91, '2023-04-26'),
(962, 387, 9, 4.69, '2024-03-31'),
(963, 237, 7, 2.42, '2023-02-01'),
(964, 667, 1, 3.85, '2023-03-25'),
(965, 780, 2, 3.92, '2022-05-01'),
(966, 740, 3, 2.89, '2023-01-16'),
(967, 255, 7, 3.96, '2022-11-15'),
(968, 740, 4, 2.54, '2023-04-07'),
(969, 810, 5, 3.99, '2023-04-21'),
(970, 26, 5, 4.29, '2022-07-04'),
(971, 987, 1, 4.77, '2022-12-09'),
(972, 831, 1, 3.97, '2022-07-21'),
(973, 529, 4, 3.64, '2023-11-04'),
(974, 204, 6, 3.57, '2024-01-23'),
(975, 257, 7, 3.79, '2022-08-17'),
(976, 708, 3, 3.35, '2022-07-02'),
(977, 632, 6, 2.9, '2024-07-12'),
(978, 655, 9, 3.21, '2024-10-27'),
(979, 619, 7, 4.3, '2024-06-01'),
(980, 668, 3, 2.19, '2023-07-14'),
(981, 336, 3, 3.48, '2023-04-03'),
(982, 840, 7, 4.25, '2023-01-13'),
(983, 270, 4, 2.94, '2023-03-04'),
(984, 770, 3, 3.77, '2024-03-20'),
(985, 392, 1, 2.73, '2023-08-08'),
(986, 63, 1, 2.03, '2024-09-30'),
(987, 640, 10, 2.25, '2023-10-09'),
(988, 47, 7, 2.68, '2024-12-20'),
(989, 701, 8, 3.69, '2024-03-24'),
(990, 408, 6, 3.11, '2024-12-27'),
(991, 861, 7, 3.82, '2024-02-17'),
(992, 323, 8, 4.43, '2022-08-03'),
(993, 457, 8, 3.44, '2022-02-23'),
(994, 4, 3, 3.51, '2022-04-22'),
(995, 743, 8, 4.31, '2024-01-12'),
(996, 218, 4, 4.52, '2024-10-23'),
(997, 839, 4, 2.72, '2024-11-07'),
(998, 919, 9, 4.11, '2024-12-15'),
(999, 534, 5, 4.84, '2022-01-22'),
(1000, 586, 9, 4.64, '2023-06-17');
